Operator,EstimationOrder,ID,Northing,Easting,Bearing,Monarch
Anthony,2,F1,4662870.62,437437.67,65,a
Cory,2,F1,4662928.52,437657.85,283,a
Julia,2,F1,4662873.11,437659.02,301,a
Anthony,3,F1,4662870.62,437437.67,65,a
Cory,3,F1,4662928.52,437657.85,270,a
Julia,3,F1,4662873.11,437659.02,294,a
Alec,4,F1,4662939.07,437482.1,114,a
Anthony,4,F1,4662870.62,437437.67,65,a
Julia,4,F1,4662873.11,437659.02,290,a
Alec,5,F1,4662939.07,437482.1,114,a
Anthony,5,F1,4662870.62,437437.67,65,a
Cory,5,F1,4662928.52,437657.85,262,a
Anthony,6,F1,4662870.62,437437.67,65,a
Cory,6,F1,4662928.52,437657.85,273,a
Julia,6,F1,4662873.11,437659.02,297,a
Alec,7,F1,4662939.07,437482.1,114,a
Cory,7,F1,4662928.52,437657.85,250,a
Julia,7,F1,4662873.11,437659.02,298,a
Alec,8,F1,4662939.07,437482.1,114,a
Anthony,8,F1,4662870.62,437437.67,65,a
Cory,8,F1,4662928.52,437657.85,253,a
Julia,8,F1,4662873.11,437659.02,297,a
Alec,9,F1,4662939.07,437482.1,116,a
Anthony,9,F1,4662870.62,437437.67,65,a
Cory,9,F1,4662928.52,437657.85,254,a
Julia,9,F1,4662873.11,437659.02,291,a
Alec,10,F1,4662939.07,437482.1,115,a
Anthony,10,F1,4662870.62,437437.67,64,a
Cory,10,F1,4662928.52,437657.85,263,a
Alec,11,F1,4662939.07,437482.1,114,a
Anthony,11,F1,4662870.62,437437.67,64,a
Cory,11,F1,4662928.52,437657.85,253,a
Julia,11,F1,4662873.11,437659.02,295,a
Alec,12,F1,4662939.07,437482.1,114,a
Anthony,12,F1,4662870.62,437437.67,68,a
Julia,12,F1,4662873.11,437659.02,289,a
Alec,13,F1,4662939.07,437482.1,123,a
Anthony,13,F1,4662870.62,437437.67,74,a
Cory,13,F1,4662928.52,437657.85,261,a
Alec,14,F1,4662939.07,437482.1,125,a
Anthony,14,F1,4662870.62,437437.67,74,a
Julia,14,F1,4662873.11,437659.02,284,a
Alec,15,F1,4662939.07,437482.1,120,a
Cory,15,F1,4662928.52,437657.85,242,a
Julia,15,F1,4662873.11,437659.02,281,a
Alec,16,F1,4662939.07,437482.1,124,a
Anthony,16,F1,4662870.62,437437.67,50,a
Cory,16,F1,4662928.52,437657.85,231,a
Julia,16,F1,4662873.11,437659.02,280,a
Alec,17,F1,4662939.07,437482.1,127,a
Anthony,17,F1,4662870.62,437437.67,90,a
Cory,17,F1,4662928.52,437657.85,237,a
Anthony,18,F1,4662870.62,437437.67,80,a
Cory,18,F1,4662928.52,437657.85,240,a
Julia,18,F1,4662873.11,437659.02,271,a
Alec,19,F1,4662939.07,437482.1,130,a
Anthony,19,F1,4662870.62,437437.67,98,a
Cory,19,F1,4662928.52,437657.85,233,a
Julia,19,F1,4662873.11,437659.02,274,a
Alec,20,F1,4662939.07,437482.1,129,a
Anthony,20,F1,4662870.62,437437.67,92,a
Cory,20,F1,4662928.52,437657.85,234,a
Alec,21,F1,4662939.07,437482.1,129,a
Anthony,21,F1,4662870.62,437437.67,91,a
Cory,21,F1,4662928.52,437657.85,222,a
Julia,21,F1,4662873.11,437659.02,291,a
Alec,1,101,4662939.07,437482.1,93,b
Jackie,1,101,4662870.62,437437.67,40,b
Julia,1,101,4662873.11,437659.02,291,b
Alec,2,101,4662939.07,437482.1,90,b
Jackie,2,101,4662870.62,437437.67,40,b
Julia,2,101,4662873.11,437659.02,292,b
Alec,3,101,4662939.07,437482.1,93,b
Jackie,3,101,4662870.62,437437.67,42,b
Julia,3,101,4662873.11,437659.02,294,b
Alec,4,101,4662939.07,437482.1,94,b
Jackie,4,101,4662870.62,437437.67,43,b
Julia,4,101,4662873.11,437659.02,294,b
Alec,5,101,4662939.07,437482.1,95,b
Jackie,5,101,4662870.62,437437.67,41,b
Julia,5,101,4662873.11,437659.02,296,b
Alec,6,101,4662939.07,437482.1,93,b
Jackie,6,101,4662870.62,437437.67,44,b
Julia,6,101,4662873.11,437659.02,294,b
Alec,7,101,4662939.07,437482.1,94,b
Jackie,7,101,4662870.62,437437.67,42,b
Julia,7,101,4662873.11,437659.02,292,b
Alec,8,101,4662939.07,437482.1,93,b
Jackie,8,101,4662870.62,437437.67,45,b
Julia,8,101,4662873.11,437659.02,295,b
Alec,9,101,4662939.07,437482.1,93,b
Jackie,9,101,4662870.62,437437.67,44,b
Julia,9,101,4662873.11,437659.02,293,b
Alec,10,101,4662939.07,437482.1,94,b
Jackie,10,101,4662870.62,437437.67,45,b
Julia,10,101,4662873.11,437659.02,295,b
Alec,11,101,4662939.07,437482.1,96,b
Jackie,11,101,4662870.62,437437.67,48,b
Julia,11,101,4662873.11,437659.02,288,b
Alec,12,101,4662939.07,437482.1,98,b
Jackie,12,101,4662870.62,437437.67,50,b
Julia,12,101,4662873.11,437659.02,292,b
Alec,13,101,4662939.07,437482.1,99,b
Jackie,13,101,4662870.62,437437.67,49,b
Julia,13,101,4662873.11,437659.02,291,b
Alec,14,101,4662939.07,437482.1,100,b
Jackie,14,101,4662870.62,437437.67,50,b
Julia,14,101,4662873.11,437659.02,291,b
Alec,15,101,4662939.07,437482.1,99,b
Jackie,15,101,4662870.62,437437.67,49,b
Julia,15,101,4662873.11,437659.02,290,b
Alec,16,101,4662939.07,437482.1,99,b
Jackie,16,101,4662870.62,437437.67,49,b
Julia,16,101,4662873.11,437659.02,294,b
Alec,17,101,4662939.07,437482.1,98,b
Jackie,17,101,4662870.62,437437.67,48,b
Julia,17,101,4662873.11,437659.02,289,b
Alec,18,101,4662939.07,437482.1,98,b
Jackie,18,101,4662870.62,437437.67,51,b
Julia,18,101,4662873.11,437659.02,291,b
Alec,19,101,4662939.07,437482.1,99,b
Jackie,19,101,4662870.62,437437.67,51,b
Julia,19,101,4662873.11,437659.02,288,b
Alec,20,101,4662939.07,437482.1,98,b
Jackie,20,101,4662870.62,437437.67,51,b
Julia,20,101,4662873.11,437659.02,291,b
Alec,21,101,4662939.07,437482.1,102,b
Jackie,21,101,4662870.62,437437.67,53,b
Julia,21,101,4662873.11,437659.02,290,b
Alec,22,101,4662939.07,437482.1,97,b
Jackie,22,101,4662870.62,437437.67,52,b
Julia,22,101,4662873.11,437659.02,292,b
Alec,23,101,4662939.07,437482.1,98,b
Jackie,23,101,4662870.62,437437.67,46,b
Julia,23,101,4662873.11,437659.02,288,b
Alec,24,101,4662939.07,437482.1,100,b
Jackie,24,101,4662870.62,437437.67,49,b
Julia,24,101,4662873.11,437659.02,286,b
Alec,25,101,4662939.07,437482.1,100,b
Jackie,25,101,4662870.62,437437.67,50,b
Julia,25,101,4662873.11,437659.02,288,b
Alec,26,101,4662939.07,437482.1,101,b
Jackie,26,101,4662870.62,437437.67,51,b
Julia,26,101,4662873.11,437659.02,289,b
Alec,27,101,4662939.07,437482.1,100,b
Jackie,27,101,4662870.62,437437.67,49,b
Julia,27,101,4662873.11,437659.02,289,b
Alec,28,101,4662939.07,437482.1,101,b
Jackie,28,101,4662870.62,437437.67,49,b
Julia,28,101,4662873.11,437659.02,289,b
Alec,29,101,4662939.07,437482.1,102,b
Jackie,29,101,4662870.62,437437.67,48,b
Julia,29,101,4662873.11,437659.02,290,b
Alec,1,115,4662939.07,437482.1,98,c
Cory,1,115,4662928.52,437657.85,260,c
Jackie,1,115,4662870.62,437437.67,56,c
Alec,2,115,4662939.07,437482.1,98,c
Cory,2,115,4662928.52,437657.85,257,c
Jackie,2,115,4662870.62,437437.67,58,c
Alec,3,115,4662939.07,437482.1,98,c
Cory,3,115,4662928.52,437657.85,259,c
Jackie,3,115,4662870.62,437437.67,64,c
Alec,4,115,4662939.07,437482.1,96,c
Cory,4,115,4662928.52,437657.85,261,c
Jackie,4,115,4662870.62,437437.67,62,c
Alec,5,115,4662939.07,437482.1,96,c
Cory,5,115,4662928.52,437657.85,261,c
Jackie,5,115,4662870.62,437437.67,60,c
Alec,6,115,4662939.07,437482.1,99,c
Cory,6,115,4662928.52,437657.85,259,c
Jackie,6,115,4662870.62,437437.67,59,c
Alec,7,115,4662939.07,437482.1,96,c
Cory,7,115,4662928.52,437657.85,257,c
Jackie,7,115,4662870.62,437437.67,56,c
Alec,8,115,4662939.07,437482.1,97,c
Cory,8,115,4662928.52,437657.85,258,c
Jackie,8,115,4662870.62,437437.67,60,c
Alec,9,115,4662939.07,437482.1,98,c
Cory,9,115,4662928.52,437657.85,262,c
Jackie,9,115,4662870.62,437437.67,62,c
Alec,10,115,4662939.07,437482.1,97,c
Cory,10,115,4662928.52,437657.85,256,c
Jackie,10,115,4662870.62,437437.67,61,c
Alec,11,115,4662939.07,437482.1,96,c
Cory,11,115,4662928.52,437657.85,258,c
Jackie,11,115,4662870.62,437437.67,54,c
Alec,12,115,4662939.07,437482.1,96,c
Cory,12,115,4662928.52,437657.85,258,c
Jackie,12,115,4662870.62,437437.67,58,c
Alec,13,115,4662939.07,437482.1,96,c
Cory,13,115,4662928.52,437657.85,261,c
Jackie,13,115,4662870.62,437437.67,57,c
Alec,14,115,4662939.07,437482.1,97,c
Cory,14,115,4662928.52,437657.85,259,c
Jackie,14,115,4662870.62,437437.67,54,c
Alec,15,115,4662939.07,437482.1,96,c
Cory,15,115,4662928.52,437657.85,261,c
Jackie,15,115,4662870.62,437437.67,58,c
Alec,1,123,4662939.07,437482.1,98,d
Cory,1,123,4662928.52,437657.85,260,d
Julia,1,123,4662873.11,437659.02,294,d
Alec,2,123,4662939.07,437482.1,99,d
Cory,2,123,4662928.52,437657.85,259,d
Julia,2,123,4662873.11,437659.02,292,d
Alec,3,123,4662939.07,437482.1,97,d
Cory,3,123,4662928.52,437657.85,261,d
Julia,3,123,4662873.11,437659.02,294,d
Alec,4,123,4662939.07,437482.1,97,d
Cory,4,123,4662928.52,437657.85,261,d
Julia,4,123,4662873.11,437659.02,294,d
Alec,5,123,4662939.07,437482.1,97,d
Cory,5,123,4662928.52,437657.85,260,d
Julia,5,123,4662873.11,437659.02,293,d
Alec,6,123,4662939.07,437482.1,98,d
Cory,6,123,4662928.52,437657.85,258,d
Julia,6,123,4662873.11,437659.02,294,d
Alec,7,123,4662939.07,437482.1,98,d
Cory,7,123,4662928.52,437657.85,262,d
Julia,7,123,4662873.11,437659.02,295,d
Alec,8,123,4662939.07,437482.1,96,d
Cory,8,123,4662928.52,437657.85,261,d
Julia,8,123,4662873.11,437659.02,294,d
Alec,9,123,4662939.07,437482.1,98,d
Cory,9,123,4662928.52,437657.85,262,d
Julia,9,123,4662873.11,437659.02,293,d
Alec,10,123,4662939.07,437482.1,99,d
Cory,10,123,4662928.52,437657.85,261,d
Julia,10,123,4662873.11,437659.02,295,d
Alec,11,123,4662939.07,437482.1,97,d
Cory,11,123,4662928.52,437657.85,260,d
Julia,11,123,4662873.11,437659.02,294,d
Alec,12,123,4662939.07,437482.1,96,d
Cory,12,123,4662928.52,437657.85,261,d
Julia,12,123,4662873.11,437659.02,294,d
Alec,13,123,4662939.07,437482.1,97,d
Cory,13,123,4662928.52,437657.85,260,d
Julia,13,123,4662873.11,437659.02,295,d
Alec,14,123,4662939.07,437482.1,97,d
Cory,14,123,4662928.52,437657.85,260,d
Julia,14,123,4662873.11,437659.02,296,d
Alec,15,123,4662939.07,437482.1,97,d
Cory,15,123,4662928.52,437657.85,262,d
Julia,15,123,4662873.11,437659.02,295,d
Alec,16,123,4662939.07,437482.1,97,d
Cory,16,123,4662928.52,437657.85,260,d
Julia,16,123,4662873.11,437659.02,295,d
Alec,17,123,4662939.07,437482.1,98,d
Cory,17,123,4662928.52,437657.85,261,d
Julia,17,123,4662873.11,437659.02,293,d
Alec,18,123,4662939.07,437482.1,96,d
Cory,18,123,4662928.52,437657.85,259,d
Julia,18,123,4662873.11,437659.02,295,d
Alec,19,123,4662939.07,437482.1,98,d
Cory,19,123,4662928.52,437657.85,268,d
Julia,19,123,4662873.11,437659.02,306,d
Alec,20,123,4662939.07,437482.1,91,d
Cory,20,123,4662928.52,437657.85,265,d
Julia,20,123,4662873.11,437659.02,310,d
Alec,21,123,4662939.07,437482.1,90,d
Cory,21,123,4662928.52,437657.85,265,d
Julia,21,123,4662873.11,437659.02,308,d
Alec,22,123,4662939.07,437482.1,92,d
Cory,22,123,4662928.52,437657.85,265,d
Julia,22,123,4662873.11,437659.02,307,d
Alec,23,123,4662939.07,437482.1,93,d
Cory,23,123,4662928.52,437657.85,264,d
Julia,23,123,4662873.11,437659.02,308,d
Alec,24,123,4662939.07,437482.1,92,d
Cory,24,123,4662928.52,437657.85,264,d
Julia,24,123,4662873.11,437659.02,308,d
Alec,25,123,4662939.07,437482.1,92,d
Cory,25,123,4662928.52,437657.85,264,d
Julia,25,123,4662873.11,437659.02,305,d
Alec,26,123,4662939.07,437482.1,91,d
Cory,26,123,4662928.52,437657.85,264,d
Julia,26,123,4662873.11,437659.02,306,d
Alec,27,123,4662939.07,437482.1,90,d
Cory,27,123,4662928.52,437657.85,264,d
Julia,27,123,4662873.11,437659.02,308,d
Alec,28,123,4662939.07,437482.1,89,d
Cory,28,123,4662928.52,437657.85,263,d
Julia,28,123,4662873.11,437659.02,308,d
Alec,29,123,4662939.07,437482.1,88,d
Cory,29,123,4662928.52,437657.85,264,d
Julia,29,123,4662873.11,437659.02,308,d
Alec,30,123,4662939.07,437482.1,89,d
Cory,30,123,4662928.52,437657.85,264,d
Julia,30,123,4662873.11,437659.02,309,d
Alec,31,123,4662939.07,437482.1,89,d
Cory,31,123,4662928.52,437657.85,264,d
Julia,31,123,4662873.11,437659.02,314,d
Alec,32,123,4662939.07,437482.1,89,d
Cory,32,123,4662928.52,437657.85,265,d
Julia,32,123,4662873.11,437659.02,307,d
Alec,33,123,4662939.07,437482.1,89,d
Cory,33,123,4662928.52,437657.85,265,d
Julia,33,123,4662873.11,437659.02,307,d
Alec,34,123,4662939.07,437482.1,89,d
Cory,34,123,4662928.52,437657.85,264,d
Julia,34,123,4662873.11,437659.02,308,d
Alec,35,123,4662939.07,437482.1,88,d
Cory,35,123,4662928.52,437657.85,264,d
Julia,35,123,4662873.11,437659.02,310,d
Alec,36,123,4662939.07,437482.1,89,d
Cory,36,123,4662928.52,437657.85,267,d
Julia,36,123,4662873.11,437659.02,312,d
Alec,37,123,4662939.07,437482.1,90,d
Cory,37,123,4662928.52,437657.85,266,d
Julia,37,123,4662873.11,437659.02,312,d
Alec,38,123,4662939.07,437482.1,88,d
Cory,38,123,4662928.52,437657.85,261,d
Julia,38,123,4662873.11,437659.02,331,d
Alec,1,116,4662939.07,437482.1,100,e
Cory,1,116,4662928.52,437657.85,259,e
Jackie,1,116,4662870.62,437437.67,59,e
Alec,2,116,4662939.07,437482.1,99,e
Cory,2,116,4662928.52,437657.85,261,e
Jackie,2,116,4662870.62,437437.67,59,e
Alec,3,116,4662939.07,437482.1,98,e
Cory,3,116,4662928.52,437657.85,260,e
Jackie,3,116,4662870.62,437437.67,58,e
Alec,4,116,4662939.07,437482.1,99,e
Cory,4,116,4662928.52,437657.85,258,e
Jackie,4,116,4662870.62,437437.67,61,e
Alec,5,116,4662939.07,437482.1,98,e
Cory,5,116,4662928.52,437657.85,261,e
Jackie,5,116,4662870.62,437437.67,50,e
Alec,6,116,4662939.07,437482.1,98,e
Cory,6,116,4662928.52,437657.85,260,e
Jackie,6,116,4662870.62,437437.67,58,e
Alec,7,116,4662939.07,437482.1,99,e
Cory,7,116,4662928.52,437657.85,265,e
Jackie,7,116,4662870.62,437437.67,57,e
Alec,8,116,4662939.07,437482.1,98,e
Cory,8,116,4662928.52,437657.85,261,e
Jackie,8,116,4662870.62,437437.67,54,e
Alec,9,116,4662939.07,437482.1,99,e
Cory,9,116,4662928.52,437657.85,260,e
Jackie,9,116,4662870.62,437437.67,56,e
Alec,10,116,4662939.07,437482.1,99,e
Cory,10,116,4662928.52,437657.85,258,e
Jackie,10,116,4662870.62,437437.67,60,e
Alec,11,116,4662939.07,437482.1,99,e
Cory,11,116,4662928.52,437657.85,260,e
Jackie,11,116,4662870.62,437437.67,59,e
Alec,12,116,4662939.07,437482.1,100,e
Cory,12,116,4662928.52,437657.85,262,e
Jackie,12,116,4662870.62,437437.67,56,e
Alec,13,116,4662939.07,437482.1,99,e
Cory,13,116,4662928.52,437657.85,262,e
Jackie,13,116,4662870.62,437437.67,60,e
Alec,14,116,4662939.07,437482.1,98,e
Cory,14,116,4662928.52,437657.85,263,e
Jackie,14,116,4662870.62,437437.67,50,e
Alec,15,116,4662939.07,437482.1,99,e
Cory,15,116,4662928.52,437657.85,259,e
Jackie,15,116,4662870.62,437437.67,54,e
Alec,16,116,4662939.07,437482.1,99,e
Cory,16,116,4662928.52,437657.85,262,e
Jackie,16,116,4662870.62,437437.67,57,e
Alec,17,116,4662939.07,437482.1,98,e
Cory,17,116,4662928.52,437657.85,264,e
Jackie,17,116,4662870.62,437437.67,53,e
Alec,1,117,4662939.07,437482.1,98,f
Jackie,1,117,4662870.62,437437.67,56,f
Julia,1,117,4662873.11,437659.02,293,f
Alec,2,117,4662939.07,437482.1,98,f
Jackie,2,117,4662870.62,437437.67,58,f
Julia,2,117,4662873.11,437659.02,291,f
Alec,3,117,4662939.07,437482.1,97,f
Jackie,3,117,4662870.62,437437.67,56,f
Julia,3,117,4662873.11,437659.02,296,f
Alec,4,117,4662939.07,437482.1,99,f
Jackie,4,117,4662870.62,437437.67,57,f
Julia,4,117,4662873.11,437659.02,295,f
Alec,5,117,4662939.07,437482.1,98,f
Jackie,5,117,4662870.62,437437.67,56,f
Julia,5,117,4662873.11,437659.02,296,f
Alec,6,117,4662939.07,437482.1,97,f
Jackie,6,117,4662870.62,437437.67,54,f
Julia,6,117,4662873.11,437659.02,291,f
Alec,7,117,4662939.07,437482.1,98,f
Jackie,7,117,4662870.62,437437.67,50,f
Julia,7,117,4662873.11,437659.02,292,f
Alec,8,117,4662939.07,437482.1,99,f
Jackie,8,117,4662870.62,437437.67,54,f
Julia,8,117,4662873.11,437659.02,292,f
Alec,9,117,4662939.07,437482.1,99,f
Jackie,9,117,4662870.62,437437.67,54,f
Julia,9,117,4662873.11,437659.02,291,f
Alec,10,117,4662939.07,437482.1,99,f
Jackie,10,117,4662870.62,437437.67,50,f
Julia,10,117,4662873.11,437659.02,293,f
Alec,11,117,4662939.07,437482.1,98,f
Jackie,11,117,4662870.62,437437.67,59,f
Julia,11,117,4662873.11,437659.02,292,f
Alec,12,117,4662939.07,437482.1,100,f
Jackie,12,117,4662870.62,437437.67,58,f
Julia,12,117,4662873.11,437659.02,293,f
Alec,13,117,4662939.07,437482.1,98,f
Jackie,13,117,4662870.62,437437.67,55,f
Julia,13,117,4662873.11,437659.02,294,f
Alec,14,117,4662939.07,437482.1,98,f
Jackie,14,117,4662870.62,437437.67,57,f
Julia,14,117,4662873.11,437659.02,292,f
Alec,15,117,4662939.07,437482.1,97,f
Jackie,15,117,4662870.62,437437.67,59,f
Julia,15,117,4662873.11,437659.02,293,f
Alec,16,117,4662939.07,437482.1,99,f
Jackie,16,117,4662870.62,437437.67,56,f
Julia,16,117,4662873.11,437659.02,298,f
Alec,17,117,4662939.07,437482.1,100,f
Jackie,17,117,4662870.62,437437.67,60,f
Julia,17,117,4662873.11,437659.02,293,f
Alec,18,117,4662939.07,437482.1,100,f
Jackie,18,117,4662870.62,437437.67,59,f
Julia,18,117,4662873.11,437659.02,292,f
Alec,19,117,4662939.07,437482.1,100,f
Jackie,19,117,4662870.62,437437.67,64,f
Julia,19,117,4662873.11,437659.02,292,f
Alec,20,117,4662939.07,437482.1,100,f
Jackie,20,117,4662870.62,437437.67,64,f
Julia,20,117,4662873.11,437659.02,293,f
Alec,21,117,4662939.07,437482.1,99,f
Jackie,21,117,4662870.62,437437.67,65,f
Julia,21,117,4662873.11,437659.02,295,f
Alec,22,117,4662939.07,437482.1,100,f
Jackie,22,117,4662870.62,437437.67,67,f
Julia,22,117,4662873.11,437659.02,292,f
Alec,23,117,4662939.07,437482.1,99,f
Jackie,23,117,4662870.62,437437.67,66,f
Julia,23,117,4662873.11,437659.02,292,f
Alec,24,117,4662939.07,437482.1,99,f
Jackie,24,117,4662870.62,437437.67,62,f
Julia,24,117,4662873.11,437659.02,292,f
Alec,1,118,4662939.07,437482.1,100,g
Jackie,1,118,4662870.62,437437.67,57,g
Julia,1,118,4662873.11,437659.02,294,g
Alec,2,118,4662939.07,437482.1,100,g
Jackie,2,118,4662870.62,437437.67,57,g
Julia,2,118,4662873.11,437659.02,295,g
Cory,3,118,4662928.52,437657.85,255,g
Jackie,3,118,4662870.62,437437.67,72,g
Julia,3,118,4662873.11,437659.02,291,g
Julia,1,68,4662864.4,437676.4,297,h
Jackie,1,68,4662949.89,437550.2,205,h
Cory,1,68,4662870.4,437441.35,57,h
Julia,2,68,4662864.4,437676.4,288,h
Jackie,2,68,4662949.89,437550.2,212,h
Cory,2,68,4662870.4,437441.35,55,h
Julia,3,68,4662864.4,437676.4,293,h
Jackie,3,68,4662949.89,437550.2,220,h
Cory,3,68,4662870.4,437441.35,54,h
Julia,4,68,4662864.4,437676.4,281,h
Jackie,4,68,4662949.89,437550.2,215,h
Cory,4,68,4662870.4,437441.35,67,h
Julia,5,68,4662864.4,437676.4,291,h
Jackie,5,68,4662949.89,437550.2,206,h
Cory,5,68,4662870.4,437441.35,61,h
Julia,6,68,4662864.4,437676.4,326,h
Jackie,6,68,4662949.89,437550.2,209,h
Cory,6,68,4662870.4,437441.35,66,h
Julia,7,68,4662864.4,437676.4,305,h
Jackie,7,68,4662949.89,437550.2,209,h
Cory,7,68,4662870.4,437441.35,57,h
Julia,8,68,4662864.4,437676.4,303,h
Jackie,8,68,4662949.89,437550.2,207,h
Cory,8,68,4662870.4,437441.35,59,h
Julia,9,68,4662864.4,437676.4,290,h
Jackie,9,68,4662949.89,437550.2,211,h
Cory,9,68,4662870.4,437441.35,60,h
Julia,10,68,4662949.89,437550.2,336,h
Jackie,10,68,4662949.89,437550.2,212,h
Cory,10,68,4662870.4,437441.35,63,h
Alec,1,90,4662939.07,437482.1,114,i
Cory,1,90,4662928.52,437657.85,230,i
Julia,1,90,4662873.11,437659.02,280,i
Alec,2,90,4662939.07,437482.1,113,i
Jackie,2,90,4662870.62,437437.67,45,i
Julia,2,90,4662873.11,437659.02,280,i
Cory,3,90,4662928.52,437657.85,262,i
Jackie,3,90,4662870.62,437437.67,48,i
Julia,3,90,4662873.11,437659.02,282,i
Cory,4,90,4662928.52,437657.85,255,i
Jackie,4,90,4662870.62,437437.67,39,i
Julia,4,90,4662873.11,437659.02,276,i
Cory,5,90,4662928.52,437657.85,258,i
Jackie,5,90,4662870.62,437437.67,43,i
Julia,5,90,4662873.11,437659.02,279,i
Alec,6,90,4662939.07,437482.1,113,i
Jackie,6,90,4662870.62,437437.67,40,i
Julia,6,90,4662873.11,437659.02,283,i
Cory,7,90,4662928.52,437657.85,258,i
Jackie,7,90,4662870.62,437437.67,41,i
Julia,7,90,4662873.11,437659.02,279,i
Cory,8,90,4662928.52,437657.85,259,i
Jackie,8,90,4662870.62,437437.67,45,i
Julia,8,90,4662873.11,437659.02,276,i
Cory,9,90,4662928.52,437657.85,262,i
Jackie,9,90,4662870.62,437437.67,42,i
Julia,9,90,4662873.11,437659.02,281,i
Alec,10,90,4662939.07,437482.1,110,i
Jackie,10,90,4662870.62,437437.67,48,i
Julia,10,90,4662873.11,437659.02,283,i
Alec,11,90,4662939.07,437482.1,113,i
Jackie,11,90,4662870.62,437437.67,43,i
Julia,11,90,4662873.11,437659.02,284,i
Cory,12,90,4662928.52,437657.85,264,i
Jackie,12,90,4662870.62,437437.67,44,i
Julia,12,90,4662873.11,437659.02,283,i
Alec,13,90,4662939.07,437482.1,111,i
Jackie,13,90,4662870.62,437437.67,44,i
Julia,13,90,4662873.11,437659.02,283,i
Alec,14,90,4662939.07,437482.1,111,i
Jackie,14,90,4662870.62,437437.67,42,i
Julia,14,90,4662873.11,437659.02,282,i
Cory,15,90,4662928.52,437657.85,262,i
Jackie,15,90,4662870.62,437437.67,43,i
Julia,15,90,4662873.11,437659.02,282,i
Cory,16,90,4662928.52,437657.85,265,i
Jackie,16,90,4662870.62,437437.67,43,i
Julia,16,90,4662873.11,437659.02,283,i
Anthony,1,F2,4662870.62,437437.67,64,j
Cory,1,F2,4662928.52,437657.85,163,j
Alec,1,F2,4662939.07,437482.1,114,j
Anthony,2,F2,4662870.62,437437.67,64,j
Cory,2,F2,4662928.52,437657.85,268,j
Alec,2,F2,4662939.07,437482.1,104,j
Anthony,3,F2,4662870.62,437437.67,70,j
Cory,3,F2,4662928.52,437657.85,262,j
Alec,3,F2,4662939.07,437482.1,97,j
Anthony,4,F2,4662870.62,437437.67,71,j
Cory,4,F2,4662928.52,437657.85,271,j
Alec,4,F2,4662939.07,437482.1,96,j
Cory,1,M4,4662928.52,437657.85,264,k
Anthony,1,M4,4662870.62,437437.67,65,k
Alec,1,M4,4662939.07,437482.1,113,k
Julia,2,M4,4662873.11,437659.02,293,k
Anthony,2,M4,4662870.62,437437.67,64,k
Alec,2,M4,4662939.07,437482.1,113,k
Julia,3,M4,4662873.11,437659.02,296,k
Cory,3,M4,4662928.52,437657.85,254,k
Anthony,3,M4,4662870.62,437437.67,70,k
Julia,4,M4,4662873.11,437659.02,293,k
Cory,4,M4,4662928.52,437657.85,267,k
Alec,4,M4,4662939.07,437482.1,113,k
Cory,5,M4,4662928.52,437657.85,255,k
Anthony,5,M4,4662870.62,437437.67,73,k
Alec,5,M4,4662939.07,437482.1,118,k
Julia,6,M4,4662873.11,437659.02,294,k
Anthony,6,M4,4662870.62,437437.67,74,k
Alec,6,M4,4662939.07,437482.1,118,k
Cory,7,M4,4662928.52,437657.85,260,k
Anthony,7,M4,4662870.62,437437.67,65,k
Alec,7,M4,4662939.07,437482.1,115,k
Cory,8,M4,4662928.52,437657.85,261,k
Anthony,8,M4,4662870.62,437437.67,62,k
Alec,8,M4,4662939.07,437482.1,115,k
Julia,9,M4,4662873.11,437659.02,295,k
Cory,9,M4,4662928.52,437657.85,270,k
Anthony,9,M4,4662870.62,437437.67,62,k
Julia,10,M4,4662873.11,437659.02,290,k
Cory,10,M4,4662928.52,437657.85,267,k
Alec,10,M4,4662939.07,437482.1,115,k
Cory,11,M4,4662928.52,437657.85,265,k
Anthony,11,M4,4662870.62,437437.67,65,k
Alec,11,M4,4662939.07,437482.1,114,k
Julia,12,M4,4662873.11,437659.02,291,k
Cory,12,M4,4662928.52,437657.85,254,k
Alec,12,M4,4662939.07,437482.1,111,k
Julia,13,M4,4662873.11,437659.02,291,k
Anthony,13,M4,4662870.62,437437.67,65,k
Alec,13,M4,4662939.07,437482.1,111,k
Julia,14,M4,4662873.11,437659.02,291,k
Anthony,14,M4,4662870.62,437437.67,71,k
Alec,14,M4,4662939.07,437482.1,112,k
Julia,15,M4,4662873.11,437659.02,295,k
Cory,15,M4,4662928.52,437657.85,265,k
Anthony,15,M4,4662870.62,437437.67,68,k
Julia,16,M4,4662873.11,437659.02,293,k
Anthony,16,M4,4662870.62,437437.67,64,k
Alec,16,M4,4662939.07,437482.1,112,k
Julia,17,M4,4662873.11,437659.02,293,k
Anthony,17,M4,4662870.62,437437.67,66,k
Alec,17,M4,4662939.07,437482.1,111,k
Alec,1,M2,4662939.07,437482.1,110,l
Cory,1,M2,4662928.52,437657.85,249,l
Julia,1,M2,4662873.11,437659.02,292,l
Alec,2,M2,4662939.07,437482.1,110,l
Anthony,2,M2,4662870.62,437437.67,80,l
Cory,2,M2,4662928.52,437657.85,267,l
Julia,2,M2,4662873.11,437659.02,293,l
Alec,3,M2,4662939.07,437482.1,115,l
Anthony,3,M2,4662870.62,437437.67,84,l
Cory,3,M2,4662928.52,437657.85,263,l
Julia,3,M2,4662873.11,437659.02,297,l
Alec,4,M2,4662939.07,437482.1,111,l
Anthony,4,M2,4662870.62,437437.67,85,l
Cory,4,M2,4662928.52,437657.85,258,l
Julia,4,M2,4662873.11,437659.02,294,l
Alec,5,M2,4662939.07,437482.1,112,l
Anthony,5,M2,4662870.62,437437.67,86,l
Cory,5,M2,4662928.52,437657.85,265,l
Julia,5,M2,4662873.11,437659.02,290,l
Alec,6,M2,4662939.07,437482.1,109,l
Anthony,6,M2,4662870.62,437437.67,87,l
Cory,6,M2,4662928.52,437657.85,272,l
Julia,6,M2,4662873.11,437659.02,293,l
Alec,7,M2,4662939.07,437482.1,115,l
Anthony,7,M2,4662870.62,437437.67,73,l
Cory,7,M2,4662928.52,437657.85,266,l
Julia,7,M2,4662873.11,437659.02,296,l
Alec,8,M2,4662939.07,437482.1,119,l
Anthony,8,M2,4662870.62,437437.67,81,l
Cory,8,M2,4662928.52,437657.85,267,l
Julia,8,M2,4662873.11,437659.02,294,l
Alec,9,M2,4662939.07,437482.1,121,l
Anthony,9,M2,4662870.62,437437.67,85,l
Cory,9,M2,4662928.52,437657.85,269,l
Julia,9,M2,4662873.11,437659.02,294,l
Alec,10,M2,4662939.07,437482.1,120,l
Cory,10,M2,4662928.52,437657.85,256,l
Julia,10,M2,4662873.11,437659.02,290,l
Alec,11,M2,4662939.07,437482.1,112,l
Cory,11,M2,4662928.52,437657.85,264,l
Julia,11,M2,4662873.11,437659.02,296,l
Alec,12,M2,4662939.07,437482.1,110,l
Anthony,12,M2,4662870.62,437437.67,88,l
Cory,12,M2,4662928.52,437657.85,272,l
Julia,12,M2,4662873.11,437659.02,295,l
Alec,13,M2,4662939.07,437482.1,114,l
Anthony,13,M2,4662870.62,437437.67,59,l
Julia,13,M2,4662873.11,437659.02,290,l
Alec,14,M2,4662939.07,437482.1,114,l
Anthony,14,M2,4662870.62,437437.67,59,l
Cory,14,M2,4662928.52,437657.85,266,l
Alec,15,M2,4662939.07,437482.1,115,l
Anthony,15,M2,4662870.62,437437.67,58,l
Cory,15,M2,4662928.52,437657.85,269,l
Julia,15,M2,4662873.11,437659.02,294,l
Alec,16,M2,4662939.07,437482.1,115,l
Anthony,16,M2,4662870.62,437437.67,60,l
Cory,16,M2,4662928.52,437657.85,268,l
Julia,16,M2,4662873.11,437659.02,292,l
Alec,17,M2,4662939.07,437482.1,114,l
Anthony,17,M2,4662870.62,437437.67,60,l
Julia,17,M2,4662873.11,437659.02,285,l
Alec,18,M2,4662939.07,437482.1,114,l
Anthony,18,M2,4662870.62,437437.67,58,l
Cory,18,M2,4662928.52,437657.85,258,l
Julia,18,M2,4662873.11,437659.02,294,l
Alec,19,M2,4662939.07,437482.1,115,l
Anthony,19,M2,4662870.62,437437.67,58,l
Julia,19,M2,4662873.11,437659.02,290,l
Alec,20,M2,4662939.07,437482.1,114,l
Anthony,20,M2,4662870.62,437437.67,59,l
Cory,20,M2,4662928.52,437657.85,263,l
Alec,21,M2,4662939.07,437482.1,114,l
Anthony,21,M2,4662870.62,437437.67,62,l
Cory,21,M2,4662928.52,437657.85,260,l
Julia,21,M2,4662873.11,437659.02,286,l
Alec,22,M2,4662939.07,437482.1,115,l
Anthony,22,M2,4662870.62,437437.67,63,l
Julia,22,M2,4662873.11,437659.02,287,l
Alec,23,M2,4662939.07,437482.1,115,l
Anthony,23,M2,4662870.62,437437.67,56,l
Cory,23,M2,4662928.52,437657.85,259,l
Julia,23,M2,4662873.11,437659.02,294,l
Alec,24,M2,4662939.07,437482.1,115,l
Anthony,24,M2,4662870.62,437437.67,61,l
Cory,24,M2,4662928.52,437657.85,266,l
Alec,25,M2,4662939.07,437482.1,114,l
Anthony,25,M2,4662870.62,437437.67,65,l
Julia,25,M2,4662873.11,437659.02,285,l
Alec,26,M2,4662939.07,437482.1,115,l
Anthony,26,M2,4662870.62,437437.67,67,l
Cory,26,M2,4662928.52,437657.85,270,l
Julia,26,M2,4662873.11,437659.02,291,l
Alec,27,M2,4662939.07,437482.1,114,l
Anthony,27,M2,4662870.62,437437.67,58,l
Cory,27,M2,4662928.52,437657.85,265,l
Alec,28,M2,4662939.07,437482.1,116,l
Anthony,28,M2,4662870.62,437437.67,63,l
Julia,28,M2,4662873.11,437659.02,287,l
Alec,29,M2,4662939.07,437482.1,115,l
Anthony,29,M2,4662870.62,437437.67,62,l
Cory,29,M2,4662928.52,437657.85,274,l
Julia,29,M2,4662873.11,437659.02,296,l
Alec,30,M2,4662939.07,437482.1,114,l
Anthony,30,M2,4662870.62,437437.67,61,l
Cory,30,M2,4662928.52,437657.85,269,l
Alec,31,M2,4662939.07,437482.1,116,l
Anthony,31,M2,4662870.62,437437.67,62,l
Cory,31,M2,4662928.52,437657.85,262,l
Alec,32,M2,4662939.07,437482.1,110,l
Anthony,32,M2,4662870.62,437437.67,65,l
Cory,32,M2,4662928.52,437657.85,268,l
Julia,1,63,4662864.4,437676.4,298,m
Jackie,1,63,4662949.89,437550.2,193,m
Cory,1,63,4662870.4,437441.35,65,m
Julia,2,63,4662864.4,437676.4,292,m
Jackie,2,63,4662949.89,437550.2,199,m
Cory,2,63,4662870.4,437441.35,63,m
Julia,3,63,4662864.4,437676.4,300,m
Jackie,3,63,4662949.89,437550.2,194,m
Cory,3,63,4662870.4,437441.35,59,m
Julia,4,63,4662864.4,437676.4,282,m
Jackie,4,63,4662949.89,437550.2,195,m
Cory,4,63,4662870.4,437441.35,60,m
Julia,5,63,4662864.4,437676.4,295,m
Jackie,5,63,4662949.89,437550.2,197,m
Cory,5,63,4662870.4,437441.35,63,m
Julia,6,63,4662864.4,437676.4,288,m
Jackie,6,63,4662949.89,437550.2,191,m
Cory,6,63,4662870.4,437441.35,83,m
Julia,7,63,4662864.4,437676.4,300,m
Jackie,7,63,4662949.89,437550.2,195,m
Cory,7,63,4662870.4,437441.35,66,m
