ID,Monarch,Order,cov.xx,cov.yy,cov.xy,Area,TimeCDT,TimeGMT,Year,Date,individual.local.identifier,location.long,location.lat,timestamp,argos.semi.major,argos.semi.minor,argos.orientation,turnangle,steplength,bearing
F1,a,1,0,0,0,0,11:00:00,17:00:00,2016,8/8/2016,a,-93.75564103,42.11580899,8/8/2016 17:00,0,0,0,na,42.82430262,44.89101416
F1,a,2,231.7449,41.4377,-39.1436,1690.9841,11:01:00,17:01:00,2016,8/8/2016,a,-93.7552787,42.11608462,8/8/2016 17:01,10.94261563,4.104931561,-78.81953419,-170.1776928,37.8271005,234.7133214
F1,a,3,25.6053,3.1796,0.2443,169.7742,11:02:00,17:02:00,2016,8/8/2016,a,-93.75545972,42.11593855,8/8/2016 17:02,3.578265014,1.260344987,269.3759328,-91.33294258,3.969657872,143.3803788
F1,a,4,2.2524,0.4274,-0.5789,14.9123,11:03:00,17:03:00,2016,8/8/2016,a,-93.75562086,42.11585687,8/8/2016 17:03,1.100122579,0.360042098,-73.80425526,-10.86063375,2.044110029,132.5197451
F1,a,5,6.2082,1.0529,-1.0828,43.595,11:04:00,17:04:00,2016,8/8/2016,a,-93.75560249,42.11584455,8/8/2016 17:04,1.792539053,0.646029212,-78.60703051,-163.6626533,7.190610678,328.8570918
F1,a,6,42.3041,5.6958,-2.0624,289.5894,11:05:00,17:05:00,2016,8/8/2016,a,-93.75537785,42.11598111,8/8/2016 17:05,4.60542739,1.670325884,-86.78568707,137.2019383,46.01565965,106.0590301
F1,a,7,76.3456,13.5899,-6.3355,594.4508,11:06:00,17:06:00,2016,8/8/2016,a,-93.75492758,42.11575043,8/8/2016 17:06,6.203983038,2.545259214,-84.29244167,172.1463839,14.7937473,278.205414
F1,a,8,255.5922,35.0941,-28.0496,1702.7023,11:07:00,17:07:00,2016,8/8/2016,a,-93.75528924,42.11580641,8/8/2016 17:07,11.38210105,3.973779768,-82.86281859,-9.398916451,18.34938086,268.8064976
F1,a,9,113.7319,19.0974,-18.7632,802.9895,11:08:00,17:08:00,2016,8/8/2016,a,-93.75551109,42.11580151,8/8/2016 17:08,7.658861474,2.785047741,-79.18483756,29.4578364,12.66820043,298.264334
F1,a,10,2.6871,0.5097,-0.5491,19.4534,11:09:00,17:09:00,2016,8/8/2016,a,-93.75565079,42.1158517,8/8/2016 17:09,1.186957301,0.43535315,-76.61765638,165.6423959,19.91411747,103.9067298
F1,a,11,225.0963,32.7875,-29.762,1516.9026,11:10:00,17:10:00,2016,8/8/2016,a,-93.75541237,42.11581308,8/8/2016 17:10,10.71440574,3.760772476,-81.40075011,169.0449988,7.703720734,272.9517286
F1,a,12,0.3875,0.0679,-0.0954,2.4695,11:11:00,17:11:00,2016,8/8/2016,a,-93.75553622,42.11582755,8/8/2016 17:11,0.454868508,0.144203468,-74.58147856,-49.33156392,8.371814177,223.6201647
F1,a,13,20.251,5.1045,-4.4515,172.057,11:12:00,17:12:00,2016,8/8/2016,a,-93.7555867,42.11574314,8/8/2016 17:12,3.275850566,1.395189259,-74.77665226,-75.0556137,9.186873131,148.564551
F1,a,14,3.9835,1.1056,-1.2487,31.7478,11:13:00,17:13:00,2016,8/8/2016,a,-93.75557732,42.11571636,8/8/2016 17:13,1.491603325,0.565393245,-69.52451397,-43.68161077,32.53206632,104.8829402
F1,a,15,8.1787,1.3916,-0.3141,63.2244,11:14:00,17:14:00,2016,8/8/2016,a,-93.75510028,42.11559767,8/8/2016 17:14,2.024006574,0.829787556,-87.35594366,87.39993376,14.02709125,192.282874
F1,a,16,733.5387,271.0911,-174.7427,7722.3845,11:15:00,17:15:00,2016,8/8/2016,a,-93.7557148,42.11575514,8/8/2016 17:15,19.9015263,10.30748034,-71.46028718,135.2561819,4.974059479,327.5390559
F1,a,17,0.4878,0.1609,0.0112,5.2695,11:16:00,17:16:00,2016,8/8/2016,a,-93.75517809,42.11545958,8/8/2016 17:16,0.494056311,0.283299068,268.0400392,-154.9433455,11.50463117,172.5957103
F1,a,18,287.3071,27.5902,48.8773,1400.7282,11:17:00,17:17:00,2016,8/8/2016,a,-93.75520207,42.11553196,8/8/2016 17:17,12.16965436,3.057476551,259.6871057,-142.3431355,3.416943782,30.25257477
F1,a,19,132.4261,28.2125,-0.6731,1150.4389,11:18:00,17:18:00,2016,8/8/2016,a,-93.75518292,42.11542934,8/8/2016 17:18,8.137273723,3.755539424,-89.62995574,43.80816092,46.84940298,74.06073569
F1,a,20,0.0154,0.0059,4.00E-04,0.1788,11:19:00,17:19:00,2016,8/8/2016,a,-93.75516404,42.11541007,8/8/2016 17:19,0.087797529,0.054236462,267.5932246,-20.86915684,100.0962576,53.19157886
F1,a,21,125.7647,39.4851,-7.2835,1319.3087,11:20:00,17:20:00,2016,8/8/2016,a,-93.7546189,42.1155755,8/8/2016 17:20,7.949063904,4.408773418,-85.20842618,na,na,na
F1,a,22,0,0,0,0,11:21:00,17:21:00,2016,8/8/2016,a,-93.75365594,42.11612196,8/8/2016 17:21,0,0,0,na,na,na
63,m,1,2.3009,20.9753,4.7511,95.4024,11:22:00,17:22:00,2016,8/8/2016,m,-93.75549798,42.11594507,8/8/2016 17:22,3.32524901,0.762114836,13.48430671,na,7.567464,222.016083
63,m,2,0.0245,0.1067,0.0379,0.6463,11:23:00,17:23:00,2016,8/8/2016,m,-93.75555865,42.11589403,8/8/2016 17:23,0.246482499,0.06961593,21.34021318,161.814907,17.925943,23.830989
63,m,3,0.2905,4.0074,0.9576,9.3557,11:24:00,17:24:00,2016,8/8/2016,m,-93.75547279,42.11604228,8/8/2016 17:24,1.455953983,0.170727848,13.63030351,174.943966,25.695982,198.774955
63,m,4,26.1308,99.5055,31.076,760.9695,11:25:00,17:25:00,2016,8/8/2016,m,-93.75557023,42.11582252,8/8/2016 17:25,7.446411131,2.714610702,20.13312465,178.011831,12.550422,16.786786
63,m,5,0.3626,2.1902,0.6734,10.9875,11:26:00,17:26:00,2016,8/8/2016,m,-93.75552767,42.11593102,8/8/2016 17:26,1.098071095,0.265781623,18.19367301,166.40921,32.320069,183.195996
63,m,6,27.5085,52.0886,9.7062,688.6831,11:27:00,17:27:00,2016,8/8/2016,m,-93.75554601,42.11564026,8/8/2016 17:27,5.265889767,3.47404015,19.15014839,-176.634652,35.717245,6.561345
63,m,7,5.8919,50.6339,12.9668,214.7725,11:28:00,17:28:00,2016,8/8/2016,m,-93.75550044,42.11596014,8/8/2016 17:28,5.201931943,1.096724241,15.04883528,na,na,na
M4,k,1,0.1349,0.0213,-0.0231,0.9101,11:29:00,17:29:00,2016,8/8/2016,k,-93.75560628,42.11585807,8/8/2016 17:29,0.264024256,0.09160345,-78.93445459,na,12.09490662,116.6550888
M4,k,2,24.9986,4.4895,-6.1898,161.8301,11:30:00,17:30:00,2016,8/8/2016,k,-93.75562202,42.11587571,8/8/2016 17:30,3.655264839,1.176048025,-74.44209495,-17.96176631,23.25638073,98.69332253
M4,k,3,68.7125,9.1875,-0.0856,472.9287,11:31:00,17:31:00,2016,8/8/2016,k,-93.75504697,42.11580944,8/8/2016 17:31,5.861425727,2.143289167,-89.91760596,-174.5496385,26.46279328,284.1436841
M4,k,4,100.2762,15.1503,-36.2498,269.6094,11:32:00,17:32:00,2016,8/8/2016,k,-93.75574984,42.1159112,8/8/2016 17:32,7.537266984,0.950187568,-69.78989701,-131.9294989,12.69972367,152.2141852
M4,k,5,7.7854,1.3478,-0.8283,58.9453,11:33:00,17:33:00,2016,8/8/2016,k,-93.75542427,42.11573542,8/8/2016 17:33,1.986235862,0.788331847,-82.78453321,159.26188,16.94787758,311.4760652
M4,k,6,211.2141,37.2654,-58.1623,1261.0009,11:34:00,17:34:00,2016,8/8/2016,k,-93.75537931,42.11577395,8/8/2016 17:34,10.6974186,3.13129133,-73.11409578,-26.15179205,8.821648937,285.3242731
M4,k,7,20.2538,3.6875,-3.5795,148.0589,11:35:00,17:35:00,2016,8/8/2016,k,-93.75559908,42.11583049,8/8/2016 17:35,3.239918305,1.213910779,-78.314391,12.43968649,7.534291586,297.7639596
M4,k,8,24.1316,4.82,-5.1262,178.604,11:36:00,17:36:00,2016,8/8/2016,k,-93.75567401,42.1158566,8/8/2016 17:36,3.564265191,1.331094905,-76.01823238,176.7441222,13.25822981,114.5080818
M4,k,9,1.3993,0.2047,0.0414,10.0424,11:37:00,17:37:00,2016,8/8/2016,k,-93.75551366,42.1159617,8/8/2016 17:37,0.836879035,0.318800065,268.0175309,-116.6795618,2.420137899,357.82852
M4,k,10,7.7825,1.4363,-3.1342,21.91,11:38:00,17:38:00,2016,8/8/2016,k,-93.75579129,42.11590613,8/8/2016 17:38,2.129485786,0.273295241,-67.67668238,110.7324277,27.76761618,108.5609477
M4,k,11,1.1481,0.1968,-0.2201,7.9301,11:39:00,17:39:00,2016,8/8/2016,k,-93.75563303,42.11585816,8/8/2016 17:39,0.773484273,0.272345515,-77.58417906,-177.5794093,29.42660611,290.9815384
M4,k,12,1.8498,0.2215,-0.2275,11.2625,11:40:00,17:40:00,2016,8/8/2016,k,-93.75513777,42.11575727,8/8/2016 17:40,0.96979072,0.308473595,-82.19395375,172.5197317,11.87363081,103.5012701
M4,k,13,1.4245,0.225,-0.3188,8.8055,11:41:00,17:41:00,2016,8/8/2016,k,-93.75557374,42.11587218,8/8/2016 17:41,0.867169349,0.269754186,-76.00345341,-176.8671693,16.76455696,286.6341008
M4,k,14,7.4106,1.0682,-1.7139,41.9981,11:42:00,17:42:00,2016,8/8/2016,k,-93.75538168,42.11581238,8/8/2016 17:42,1.980418384,0.563332074,-75.80532315,176.2464113,6.544991145,102.8805121
M4,k,15,0.0259,0.0028,-3.00E-04,0.1603,11:43:00,17:43:00,2016,8/8/2016,k,-93.75532719,42.1158924,8/8/2016 17:43,0.113806624,0.037390537,-89.25606624,na,na,na
M4,k,16,20.7153,3.503,-4.8866,131.3374,11:44:00,17:44:00,2016,8/8/2016,k,-93.75560661,42.11587996,8/8/2016 17:44,3.317065746,1.051772236,-75.20597427,na,na,na
M4,k,17,18.6476,2.8627,-4.1196,113.5797,11:45:00,17:45:00,2016,8/8/2016,k,-93.75552525,42.11586826,8/8/2016 17:45,3.135128676,0.962350343,-76.21845906,na,na,na
F2,j,1,127.1806,1128.8966,-344.4557,2971.6099,11:46:00,17:46:00,2016,8/8/2016,j,-93.75405855,42.11580163,8/8/2016 17:46,24.85870753,3.175414948,-17.25875962,na,55.24751366,91.75832443
F2,j,2,1.4022,0.1074,-0.0979,7.0681,11:47:00,17:47:00,2016,8/8/2016,j,-93.75549868,42.11592541,8/8/2016 17:47,0.839511879,0.223651077,-85.70043454,-68.02132427,7.639259716,23.73700015
F2,j,3,176.0914,4.2726,17.3102,400.4983,11:48:00,17:48:00,2016,8/8/2016,j,-93.75483056,42.11591453,8/8/2016 17:48,9.429156838,1.128273603,264.303901,-83.39010624,93.10654144,300.3468939
F2,j,4,47.9536,0.4609,-0.029,88.4922,11:49:00,17:49:00,2016,8/8/2016,j,-93.75479411,42.11597775,8/8/2016 17:49,4.896611977,0.480042859,-89.96501406,na,na,na
123,d,1,204.2895,17.0186,-25.3445,1002.1013,11:50:00,17:50:00,2016,8/8/2016,d,-93.75513434,42.11586745,8/8/2016 17:50,10.18967373,2.612393413,-82.4272706,na,2.25529828,206.9263476
123,d,2,243.1277,19.764,-29.1345,1183.9408,11:51:00,17:51:00,2016,8/8/2016,d,-93.75514648,42.11584926,8/8/2016 17:51,11.11002527,2.830757599,-82.68953794,123.4165122,4.389978913,330.3428598
123,d,3,274.1145,20.8436,-35.5562,1255.5344,11:52:00,17:52:00,2016,8/8/2016,d,-93.75517316,42.11588344,8/8/2016 17:52,11.81125484,2.823704874,-82.15826532,0,0,180
123,d,4,274.1145,20.8436,-35.5562,1255.5344,11:53:00,17:53:00,2016,8/8/2016,d,-93.75517316,42.11588344,8/8/2016 17:53,11.81125484,2.823704874,-82.15826532,0,1.762899671,142.5853795
123,d,5,324.7661,24.8952,-39.7908,1517.7482,11:54:00,17:54:00,2016,8/8/2016,d,-93.75516006,42.11587092,8/8/2016 17:54,12.84438076,3.138874449,-82.5685495,-30.74432292,7.433479015,111.8410566
123,d,6,189.1424,17.7377,-20.3746,1020.5706,11:55:00,17:55:00,2016,8/8/2016,d,-93.7550763,42.11584656,8/8/2016 17:55,9.785985115,2.770296973,-83.31347029,-172.8982597,10.14885903,298.9427968
123,d,7,168.3029,13.0624,-23.446,764.2857,11:56:00,17:56:00,2016,8/8/2016,d,-93.75518425,42.11589009,8/8/2016 17:56,9.267326177,2.190734017,-81.59625752,161.4676951,0.785836122,100.4104919
123,d,8,344.6738,25.528,-43.7583,1561.7233,11:57:00,17:57:00,2016,8/8/2016,d,-93.75517489,42.11588887,8/8/2016 17:57,13.2394258,3.133449295,-82.33261619,172.187326,4.935472201,272.597818
123,d,9,283.5263,19.5442,-39.9483,1182.3039,11:58:00,17:58:00,2016,8/8/2016,d,-93.75523455,42.11589049,8/8/2016 17:58,12.02994631,2.610678416,-81.58053991,-168.1652061,7.432560814,104.4326119
123,d,10,122.2841,10.3275,-16.4209,593.2124,11:59:00,17:59:00,2016,8/8/2016,d,-93.75514729,42.11587438,8/8/2016 17:59,7.894393252,1.996084963,-81.82563212,-2.228627136,1.205339226,102.2039847
123,d,11,259.1073,21.1668,-31.4628,1261.9056,12:00:00,18:00:00,2016,8/8/2016,d,-93.75513301,42.11587218,8/8/2016 18:00,11.47164575,2.922053016,-82.59335945,-163.5406592,3.926932321,298.6633255
123,d,12,344.6738,25.528,-43.7583,1561.7233,12:01:00,18:01:00,2016,8/8/2016,d,-93.75517489,42.11588887,8/8/2016 18:01,13.2394258,3.133449295,-82.33261619,171.3523901,5.359095973,110.0157156
123,d,13,210.1517,18.1338,-25.4888,1058.2933,12:02:00,18:02:00,2016,8/8/2016,d,-93.75511379,42.11587275,8/8/2016 18:02,10.33144531,2.721026975,-82.56594344,-23.2462377,2.269606664,86.76947794
123,d,14,166.6212,15.324,-20.0466,873.0651,12:03:00,18:03:00,2016,8/8/2016,d,-93.75508639,42.11587408,8/8/2016 18:03,9.198703055,2.521202512,-82.57898519,-159.9578011,8.478464723,286.8116768
123,d,15,222.8141,16.8753,-30.3648,1002.7482,12:04:00,18:04:00,2016,8/8/2016,d,-93.75518482,42.11589552,8/8/2016 18:04,10.65828179,2.499145725,-81.78483013,-173.0125093,6.393792773,113.7991675
123,d,16,210.1517,18.1338,-25.4888,1058.2933,12:05:00,18:05:00,2016,8/8/2016,d,-93.75511379,42.11587275,8/8/2016 18:05,10.33144531,2.721026975,-82.56594344,161.229756,6.998741136,275.0289235
123,d,17,273.5402,20.098,-36.549,1214.2911,12:06:00,18:06:00,2016,8/8/2016,d,-93.75519818,42.11587772,8/8/2016 18:06,11.80478011,2.732446969,-81.95566947,-177.2283841,9.731449358,97.80053947
123,d,18,252.81,22.8569,-28.0664,1329.7321,12:07:00,18:07:00,2016,8/8/2016,d,-93.75508142,42.11586659,8/8/2016 18:07,11.31781816,3.120968126,-83.14103105,-59.74586325,11.25608642,38.05467623
123,d,19,1.6593,0.2028,-0.2893,9.4648,12:08:00,18:08:00,2016,8/8/2016,d,-93.75499844,42.11594697,8/8/2016 18:08,0.925920805,0.271515494,-79.16718354,51.69351231,12.76472328,89.74818854
123,d,20,63.539,9.6131,-8.8952,434.0183,12:09:00,18:09:00,2016,8/8/2016,d,-93.75484405,42.11594849,8/8/2016 18:09,5.699490987,2.022832788,-80.87102089,-173.0238294,4.079664183,276.7243592
123,d,21,109.7767,15.2013,-15.6343,710.3717,12:10:00,18:10:00,2016,8/8/2016,d,-93.75489311,42.11595246,8/8/2016 18:10,7.493136847,2.518312966,-80.8525184,-27.5105513,2.173682314,249.2138079
123,d,22,71.6973,9.5897,-10.3834,453.2097,12:11:00,18:11:00,2016,8/8/2016,d,-93.75491761,42.11594536,8/8/2016 18:11,6.057526516,1.987428618,-80.75585447,-138.239169,3.814449377,110.9746388
123,d,23,46.1602,6.6869,-6.2634,308.9666,12:12:00,18:12:00,2016,8/8/2016,d,-93.75487438,42.11593335,8/8/2016 18:12,4.854389988,1.690694486,-81.19661631,-110.8817017,0.369900486,0.092937116
123,d,24,64.9341,9.349,-8.7617,433.4535,12:13:00,18:13:00,2016,8/8/2016,d,-93.75487441,42.11593667,8/8/2016 18:13,5.756842453,2.00007874,-81.25117887,-89.81416367,6.206973469,270.2787734
123,d,25,103.7228,12.9156,-14.3016,634.1615,12:14:00,18:14:00,2016,8/8/2016,d,-93.75494949,42.11593645,8/8/2016 18:14,7.277429454,2.314783045,-81.25809286,169.2461386,2.164371304,79.52491204
123,d,26,116.0834,15.1266,-15.8276,730.3205,12:15:00,18:15:00,2016,8/8/2016,d,-93.75492379,42.11594016,8/8/2016 18:15,7.697617283,2.520255574,-81.2955413,5.778742635,4.08672071,85.30365468
123,d,27,112.5235,16.0052,-15.0232,747.0659,12:16:00,18:16:00,2016,8/8/2016,d,-93.75487456,42.1159435,8/8/2016 18:16,7.576536722,2.619244414,-81.35424883,56.41307735,0.617867979,141.716732
123,d,28,147.1133,21.1615,-18.4386,991.2199,12:17:00,18:17:00,2016,8/8/2016,d,-93.75486988,42.11593917,8/8/2016 18:17,8.653239481,3.042835271,-81.84029614,166.1116424,2.458183948,307.8283745
123,d,29,182.227,25.1891,-24.4451,1189.3488,12:18:00,18:18:00,2016,8/8/2016,d,-93.75489353,42.11595258,8/8/2016 18:18,9.642204744,3.276574075,-81.35360193,155.2330854,2.447829751,103.0614599
123,d,30,129.2269,18.8497,-17.1925,870.8031,12:19:00,18:19:00,2016,8/8/2016,d,-93.75486463,42.11594779,8/8/2016 18:19,8.119200375,2.849014789,-81.34850226,-11.71380829,9.435009771,91.34765158
123,d,31,71.4603,12.3194,-8.3911,535.6829,12:20:00,18:20:00,2016,8/8/2016,d,-93.75475051,42.11594655,8/8/2016 18:20,6.026101898,2.361344091,-82.07891996,-176.1482253,14.01305945,275.1994263
123,d,32,158.6276,20.8253,-22.5594,995.0328,12:21:00,18:21:00,2016,8/8/2016,d,-93.75491945,42.11595687,8/8/2016 18:21,9.006296696,2.934803201,-80.93533973,0,0,180
123,d,33,158.6276,20.8253,-22.5594,995.0328,12:22:00,18:22:00,2016,8/8/2016,d,-93.75491945,42.11595687,8/8/2016 18:22,9.006296696,2.934803201,-80.93533973,0,2.592210842,111.5083516
123,d,34,147.0843,20.513,-19.7904,964.4661,12:23:00,18:23:00,2016,8/8/2016,d,-93.75489017,42.11594851,8/8/2016 18:23,8.663328417,2.957260682,-81.31736518,-24.64701863,3.937706769,86.86133296
123,d,35,142.3805,21.4724,-18.6333,979.8764,12:24:00,18:24:00,2016,8/8/2016,d,-93.75484264,42.11595076,8/8/2016 18:24,8.520180727,3.05499106,-81.43476165,-60.46504648,2.520372594,26.39628648
123,d,36,80.9251,12.5363,-12.5546,550.9907,12:25:00,18:25:00,2016,8/8/2016,d,-93.75482933,42.11597118,8/8/2016 18:25,6.448139075,2.269846353,-79.91955162,129.1777639,1.369472636,155.5740504
123,d,37,64.9895,10.2336,-9.5148,451.1742,12:26:00,18:26:00,2016,8/8/2016,d,-93.75482234,42.11596,8/8/2016 18:26,5.770430881,2.076939444,-80.41793182,-61.71909142,30.3714172,93.85495894
123,d,38,23.4046,4.0403,1.2135,181.6065,12:27:00,18:27:00,2016,8/8/2016,d,-93.7544556,42.11594402,8/8/2016 18:27,3.426393871,1.407932896,266.4280786,-11.62651216,26.94720741,82.22844677
123,d,39,0,0,0,0,12:28:00,18:28:00,2016,8/8/2016,d,-93.75413303,42.11597896,8/8/2016 18:28,0,0,0,na,na,na
118,g,1,0.0021,2.00E-04,-2.00E-04,0.011,12:29:00,18:29:00,2016,8/8/2016,g,-93.75567924,42.11598762,8/8/2016 18:29,0.032563971,0.009465083,-84.05567098,na,6.595984519,99.42733509
118,g,2,1.9068,0.1723,-0.1955,10.1405,12:30:00,18:30:00,2016,8/8/2016,g,-93.75566745,42.1159888,8/8/2016 18:30,0.981978174,0.27435172,-83.64821533,12.74581953,39.54246336,112.1731546
118,g,3,33.1483,3.2896,0.9625,195.7194,12:31:00,18:31:00,2016,8/8/2016,g,-93.75520621,42.11578221,8/8/2016 18:31,4.073039048,1.276441505,268.1556138,53.29987213,4.145740736,165.4730267
118,g,4,0,0,0,0,12:32:00,18:32:00,2016,8/8/2016,g,-93.75351306,42.11447599,8/8/2016 18:32,0,0,0,na,na,na
117,f,1,4.9512,0.39,-0.4023,25.035,12:33:00,18:33:00,2016,8/8/2016,f,-93.75570662,42.11600218,8/8/2016 18:33,1.578988795,0.421182128,-84.99794494,na,8.327292853,100.1682871
117,f,2,38.1117,3.05,-3.2463,193.5208,12:34:00,18:34:00,2016,8/8/2016,f,-93.75567191,42.1159911,8/8/2016 18:34,4.38233589,1.173022655,-84.75450434,18.04850358,6.100560525,118.2167907
117,f,3,1.9357,0.1552,-0.1217,10.0592,12:35:00,18:35:00,2016,8/8/2016,f,-93.75566101,42.11601186,8/8/2016 18:35,0.985895503,0.27103516,-86.10786798,-178.8378985,9.316674654,299.3788921
117,f,4,0.5817,0.0504,-0.0524,3.0683,12:36:00,18:36:00,2016,8/8/2016,f,-93.75565924,42.11599465,8/8/2016 18:36,0.541672728,0.150468123,-84.42076951,-26.97222973,14.18371069,272.4066624
117,f,5,4.052,0.3355,-0.3055,21.1796,12:37:00,18:37:00,2016,8/8/2016,f,-93.75566872,42.11600583,8/8/2016 18:37,1.427750849,0.394052678,-85.3319867,9.612703563,1.889625754,282.019366
117,f,6,20.7642,1.4331,-1.5332,98.5389,12:38:00,18:38:00,2016,8/8/2016,f,-93.7557773,42.11601331,8/8/2016 18:38,3.231489334,0.810016471,-85.49327121,-175.9233012,6.414458321,106.0960648
117,f,7,1.4776,0.0934,-0.1424,6.4582,12:39:00,18:39:00,2016,8/8/2016,f,-93.75588102,42.11602185,8/8/2016 18:39,0.863741165,0.19862326,-84.18680367,59.77551715,0.452281019,165.8715819
117,f,8,4.7909,0.373,-0.4782,23.4971,12:40:00,18:40:00,2016,8/8/2016,f,-93.75577859,42.11600368,8/8/2016 18:40,1.555967293,0.401143094,-83.89246611,123.4076456,11.64695276,289.2792276
117,f,9,12.4215,0.959,-1.2732,60.382,12:41:00,18:41:00,2016,8/8/2016,f,-93.7557879,42.11600289,8/8/2016 18:41,2.506114319,0.640032046,-83.73755443,176.4169503,30.25324986,105.6961778
117,f,10,0.1178,0.008,-0.013,0.5253,12:42:00,18:42:00,2016,8/8/2016,f,-93.75587978,42.116018,8/8/2016 18:42,0.244252094,0.056929031,-83.33903465,18.41592346,4.774489581,124.1121013
117,f,11,28.741,2.3757,-2.4263,148.679,12:43:00,18:43:00,2016,8/8/2016,f,-93.75563041,42.1159876,8/8/2016 18:43,3.805418751,1.037852654,-84.78564034,169.0960109,18.7260177,293.2081121
117,f,12,3.6054,0.3246,-0.3822,19.048,12:44:00,18:44:00,2016,8/8/2016,f,-93.75566045,42.11598172,8/8/2016 18:44,1.350802792,0.374608884,-83.4422644,177.7145505,4.10828689,110.9226627
117,f,13,0.1314,0.0102,-0.0105,0.6607,12:45:00,18:45:00,2016,8/8/2016,f,-93.75572516,42.11600703,8/8/2016 18:45,0.257199268,0.068180178,-85.08505383,-19.80096743,5.659984616,91.12169526
117,f,14,17.289,1.3736,-1.4393,87.6359,12:46:00,18:46:00,2016,8/8/2016,f,-93.75569011,42.11599681,8/8/2016 18:46,2.951111215,0.788823551,-84.87390739,-160.2487093,5.463131283,290.8729859
117,f,15,22.1332,1.7907,-1.5892,114.6621,12:47:00,18:47:00,2016,8/8/2016,f,-93.75561345,42.11599532,8/8/2016 18:47,3.335910905,0.913043499,-85.55982938,-170.3640364,11.4983477,120.5089495
117,f,16,29.8149,2.6633,-2.503,160.9755,12:48:00,18:48:00,2016,8/8/2016,f,-93.75564431,42.11600286,8/8/2016 18:48,3.875804015,1.103287468,-84.77678308,163.9565888,6.020873358,284.4655383
117,f,17,8.3774,0.7763,-0.8995,44.9162,12:49:00,18:49:00,2016,8/8/2016,f,-93.75559924,42.11597134,8/8/2016 18:49,2.059416768,0.579355311,-83.34223301,-178.4715634,14.27289408,105.9939749
117,f,18,14.6357,1.3238,-1.5799,77.3312,12:50:00,18:50:00,2016,8/8/2016,f,-93.75564241,42.11597531,8/8/2016 18:50,2.72219015,0.75460638,-83.32350936,-89.67547727,0.923920479,16.31849764
117,f,19,48.1519,4.5978,-5.7732,258.1279,12:51:00,18:51:00,2016,8/8/2016,f,-93.75548766,42.11594455,8/8/2016 18:51,4.944904376,1.38664008,-82.57608184,87.08212568,15.3849814,103.4006233
117,f,20,29.1788,2.8381,-3.5175,157.9761,12:52:00,18:52:00,2016,8/8/2016,f,-93.75547569,42.11594635,8/8/2016 18:52,3.849703346,1.090061532,-82.52331284,161.4980133,5.718752264,264.8986366
117,f,21,18.7631,1.9059,-2.2853,104.0167,12:53:00,18:53:00,2016,8/8/2016,f,-93.7554044,42.11595025,8/8/2016 18:53,3.087670654,0.894868668,-82.41487853,-163.5667437,2.558374394,101.331893
117,f,22,86.7501,8.5528,-11.926,460.9544,12:54:00,18:54:00,2016,8/8/2016,f,-93.75539246,42.11592119,8/8/2016 18:54,6.653138675,1.840433583,-81.51853587,-176.154994,10.58746837,285.176899
117,f,23,94.0266,8.8636,-11.501,498.4094,12:55:00,18:55:00,2016,8/8/2016,f,-93.75542409,42.11593638,8/8/2016 18:55,6.91203431,1.915432508,-82.44270737,-178.4094801,28.26293544,106.7674189
117,f,24,42.5067,3.8235,-4.3524,225.5451,12:56:00,18:56:00,2016,8/8/2016,f,-93.75554488,42.11596452,8/8/2016 18:56,4.636289386,1.292254127,-83.65904698,na,na,na
116,e,1,399.9957,29.4675,-12.8946,2029.0704,12:57:00,18:57:00,2016,8/8/2016,e,-93.7555249,42.1159356,8/8/2016 18:57,14.14998052,3.809153611,-88.00928348,na,1.946320295,329.0387678
116,e,2,310.1841,21.1535,-8.7482,1515.7783,12:58:00,18:58:00,2016,8/8/2016,e,-93.75553719,42.11595055,8/8/2016 18:58,12.45890531,3.231791841,-88.26792032,-27.68434653,1.893988651,301.3544212
116,e,3,418.046,27.7385,-9.2536,2019.4214,12:59:00,18:59:00,2016,8/8/2016,e,-93.75555685,42.1159593,8/8/2016 18:59,14.46141877,3.709395795,-88.64262049,166.2121661,15.492987,107.5665873
116,e,4,608.5191,37.3258,6.6831,2833.9812,13:00:00,19:00:00,2016,8/8/2016,e,-93.7553777,42.11591836,8/8/2016 19:00,17.44415781,4.315531069,269.3297478,177.2434968,40.13091254,284.8100842
116,e,5,111.5898,7.2619,-9.508,505.0514,13:01:00,19:01:00,2016,8/8/2016,e,-93.75584808,42.11600765,8/8/2016 19:01,7.498307764,1.789198333,-84.83500748,178.2690922,24.66710725,103.0791763
116,e,6,418.046,27.7385,-9.2536,2019.4214,13:02:00,19:02:00,2016,8/8/2016,e,-93.75555685,42.1159593,8/8/2016 19:02,14.46141877,3.709395795,-88.64262049,-177.2013129,7.516787362,285.8778635
116,e,7,80.2729,5.5939,-4.0715,391.4329,13:03:00,19:03:00,2016,8/8/2016,e,-93.75564453,42.11597725,8/8/2016 19:03,6.344061093,1.638990191,-86.88852606,-4.936929505,6.41316984,280.940934
116,e,8,197.2073,13.7165,-11.1375,956.2521,13:04:00,19:04:00,2016,8/8/2016,e,-93.75572082,42.1159877,8/8/2016 19:04,9.946880165,2.553717874,-86.53920265,-168.5923618,6.220538962,112.3485722
116,e,9,332.4191,24.7157,-17.5414,1673.8773,13:05:00,19:05:00,2016,8/8/2016,e,-93.75565097,42.11596686,8/8/2016 19:05,12.91154256,3.443757948,-86.74775505,-7.889687868,18.10039256,104.4588843
116,e,10,579.8515,37.8533,-1.5874,2788.4807,13:06:00,19:06:00,2016,8/8/2016,e,-93.75543849,42.11592755,8/8/2016 19:06,17.02727443,4.350209815,-89.8321945,-177.1728876,7.270273152,287.2859967
116,e,11,382.3917,26.1059,-9.1425,1872.7508,13:07:00,19:07:00,2016,8/8/2016,e,-93.75552269,42.11594646,8/8/2016 19:07,13.83159694,3.596627061,-88.53104588,-5.581847613,12.5274696,281.7041491
116,e,12,199.1769,15.4931,-13.4751,1014.3848,13:08:00,19:08:00,2016,8/8/2016,e,-93.75567134,42.11596837,8/8/2016 19:08,10.00400355,2.693494577,-85.82654127,177.9234425,14.02625115,99.62759158
116,e,13,255.2327,16.6102,-5.7214,1220.8308,13:09:00,19:09:00,2016,8/8/2016,e,-93.75550382,42.11594834,8/8/2016 19:09,11.29977438,2.86993885,-88.62728307,-175.6885928,29.79467132,283.9389988
116,e,14,57.2559,3.6352,-4.8622,255.6664,13:10:00,19:10:00,2016,8/8/2016,e,-93.75585436,42.11601067,8/8/2016 19:10,5.370904307,1.264490776,-84.86041309,-174.9396728,11.93308581,108.999326
116,e,15,315.9005,24.0973,-21.7628,1590.3495,13:11:00,19:11:00,2016,8/8/2016,e,-93.75571747,42.11597658,8/8/2016 19:11,12.59989384,3.352845845,-85.75813225,-10.69493091,7.494178616,98.3043951
116,e,16,233.1986,16.7265,-11.1,1156.8537,13:12:00,19:12:00,2016,8/8/2016,e,-93.75562766,42.11596743,8/8/2016 19:12,10.81125071,2.842429952,-87.07229006,-170.7182028,12.07651389,287.5861923
116,c,17,60.3301,4.0343,-3.9203,284.2293,13:13:00,19:13:00,2016,8/8/2016,c,-93.75576729,42.11599938,8/8/2016 19:13,5.504624818,1.371606944,-86.03556606,na,na,na
115,c,1,335.6075,23.4102,-14.7508,1645.1394,13:14:00,19:14:00,2016,8/8/2016,c,-93.75565594,42.11597359,8/8/2016 19:14,12.96732242,3.370074061,-87.30088527,na,11.56714391,106.9238457
115,c,2,683.7008,46.38,-8.8383,3347.6897,13:15:00,19:15:00,2016,8/8/2016,c,-93.75552172,42.11594414,8/8/2016 19:15,18.49085375,4.809233563,-89.20563161,-8.455631597,30.73528495,98.46821412
115,c,3,668.8841,29.4379,40.6721,2527.8786,13:16:00,19:16:00,2016,8/8/2016,c,-93.75515353,42.1159058,8/8/2016 19:16,18.32294565,3.664786841,266.3751601,-171.755661,15.99921462,286.7125531
115,c,4,577.1712,27.249,16.406,2340.245,13:17:00,19:17:00,2016,8/8/2016,c,-93.75533937,42.11594601,8/8/2016 19:17,16.99500236,3.657867517,268.2927013,-6.663790054,9.635715651,280.0487631
115,c,5,511.3752,27.6214,5.7287,2234.4469,13:18:00,19:18:00,2016,8/8/2016,c,-93.75545431,42.1159604,8/8/2016 19:18,15.99129499,3.711709122,269.3216198,-33.81447604,5.277201434,246.234287
115,c,6,457.0689,31.4949,-9.6716,2251.0138,13:19:00,19:19:00,2016,8/8/2016,c,-93.7555125,42.11594086,8/8/2016 19:19,15.12098845,3.954441585,-88.69879096,43.02802877,13.85598387,289.2623158
115,c,7,557.3272,35.0188,-15.6061,2613.1337,13:20:00,19:20:00,2016,8/8/2016,c,-93.7556712,42.11598099,8/8/2016 19:20,16.70019582,4.156496089,-88.29008767,174.1122229,21.82861906,103.3745387
115,c,8,761.8843,43.8457,12.1174,3432.6869,13:21:00,19:21:00,2016,8/8/2016,c,-93.75541379,42.11593721,8/8/2016 19:21,19.52035772,4.671256183,269.0334608,-23.61178794,2.304690036,79.76275075
115,c,9,320.6545,17.303,2.0762,1401.4998,13:22:00,19:22:00,2016,8/8/2016,c,-93.7553864,42.11594107,8/8/2016 19:22,12.66232027,2.940135263,269.6078804,27.49958074,12.09615815,107.2623315
115,c,10,1225.1149,63.3441,70.75,5071.6054,13:23:00,19:23:00,2016,8/8/2016,c,-93.7552463,42.11590967,8/8/2016 19:23,24.79322086,5.43375554,266.5278795,176.9032376,38.13467682,284.1655691
115,c,11,409.005,25.8734,-11.8017,1923.5214,13:24:00,19:24:00,2016,8/8/2016,c,-93.75569454,42.11599077,8/8/2016 19:24,14.30678487,3.571429232,-88.23733129,179.3251948,14.79883631,103.4907638
115,c,12,744.1355,44.4875,2.4475,3424.4279,13:25:00,19:25:00,2016,8/8/2016,c,-93.7555201,42.11596083,8/8/2016 19:25,19.28916874,4.715874166,269.7995719,-173.1012264,6.88689404,290.3895374
115,c,13,329.291,19.7838,-3.7129,1517.6337,13:26:00,19:26:00,2016,8/8/2016,c,-93.75559844,42.11598192,8/8/2016 19:26,12.83229391,3.141597193,-89.31280211,-15.69141759,9.208138654,274.6981198
115,c,14,321.424,21.4141,-14.0474,1539.0606,13:27:00,19:27:00,2016,8/8/2016,c,-93.75570953,42.11598798,8/8/2016 19:27,12.69015972,3.221629451,-87.32503403,-177.7444346,12.19903193,96.95368523
115,c,15,390.9732,23.0051,-2.378,1784.5632,13:28:00,19:28:00,2016,8/8/2016,c,-93.7555629,42.11597564,8/8/2016 19:28,13.98192703,3.390407997,-89.62974568,na,na,na
101,b,1,0.4991,0.0073,-0.0221,1.0592,13:29:00,19:29:00,2016,8/8/2016,b,-93.75611117,42.11605509,8/8/2016 19:29,0.500045553,0.056164448,-87.43220031,na,0.672838859,29.04881438
101,b,2,0.0124,2.00E-04,1.00E-04,0.0268,13:30:00,19:30:00,2016,8/8/2016,b,-93.75610077,42.11606104,8/8/2016 19:30,0.078742681,0.009979489,269.5304045,69.20309122,4.929436358,98.25190561
101,b,3,4.7048,0.1093,-0.1665,13.1289,13:31:00,19:31:00,2016,8/8/2016,b,-93.75605055,42.11605379,8/8/2016 19:31,1.534735251,0.227239324,-87.92773307,8.58712872,1.801963954,106.8390343
101,b,4,4.336,0.1234,-0.2149,13.1598,13:32:00,19:32:00,2016,8/8/2016,b,-93.75602943,42.11605018,8/8/2016 19:32,1.474268369,0.237134512,-87.08721358,159.5537633,3.091424646,266.3927976
101,b,5,22.0195,0.5499,-1.5466,58.674,13:33:00,19:33:00,2016,8/8/2016,b,-93.75607084,42.11604997,8/8/2016 19:33,3.326435013,0.468540395,-85.90080605,-175.859486,5.361032237,90.5333116
101,b,6,2.9562,0.0906,-0.0868,9.6038,13:34:00,19:34:00,2016,8/8/2016,b,-93.75600061,42.11605228,8/8/2016 19:34,1.21631139,0.209729834,-88.26660978,-176.8644439,5.160175598,273.6688677
101,b,7,0.0047,1.00E-04,-3.00E-04,0.0125,13:35:00,19:35:00,2016,8/8/2016,b,-93.75606503,42.11605107,8/8/2016 19:35,0.048577169,0.00634497,-86.28429601,176.383022,7.839703215,90.05188973
101,b,8,7.141,0.2549,-0.1718,25.187,13:36:00,19:36:00,2016,8/8/2016,b,-93.755967,42.1160519,8/8/2016 19:36,1.89014332,0.353989025,-88.57172306,173.0695379,3.298945142,263.1214276
101,b,9,0.2877,0.0085,-0.009,0.9157,13:37:00,19:37:00,2016,8/8/2016,b,-93.75600742,42.116052,8/8/2016 19:37,0.379466608,0.064071001,-88.15562548,-162.8211598,3.35781385,100.3002679
101,b,10,8.0822,0.2988,-0.3308,28.5815,13:38:00,19:38:00,2016,8/8/2016,b,-93.75597187,42.11604835,8/8/2016 19:38,2.011993282,0.377336766,-87.57072834,18.74219177,3.620089332,119.0424597
101,b,11,36.4985,1.6979,-2.8969,137.7797,13:39:00,19:39:00,2016,8/8/2016,b,-93.75594855,42.11603406,8/8/2016 19:39,4.285907016,0.853932699,-85.27388504,-7.815958031,9.714249299,111.2265016
101,b,12,1.4776,0.0934,-0.1424,6.4582,13:40:00,19:40:00,2016,8/8/2016,b,-93.75588102,42.11602185,8/8/2016 19:40,0.863741165,0.19862326,-84.18680367,175.0119359,6.212020448,286.2384375
101,b,13,3.4583,0.2227,-0.4073,14.6307,13:41:00,19:41:00,2016,8/8/2016,b,-93.75591584,42.11602049,8/8/2016 19:41,1.324534557,0.293441998,-82.93439907,-170.8035543,1.514604598,115.4348832
101,b,14,3.3294,0.2416,-0.4331,14.7839,13:42:00,19:42:00,2016,8/8/2016,b,-93.75589549,42.11601321,8/8/2016 19:42,1.301729054,0.301664499,-82.16497578,151.3056469,0.786171801,266.7405301
101,b,15,9.3431,0.5975,-1.1227,39.1317,13:43:00,19:43:00,2016,8/8/2016,b,-93.75592173,42.11602023,8/8/2016 19:43,2.177719516,0.477323484,-82.80027174,-168.4815397,2.860466299,98.25899037
101,b,16,3.2235,0.2118,-0.3602,13.9962,13:44:00,19:44:00,2016,8/8/2016,b,-93.7559003,42.11602132,8/8/2016 19:44,1.277885128,0.290963229,-83.27379517,4.862618601,3.131461145,103.121609
101,b,17,17.8889,0.9929,-1.9615,70.2111,13:45:00,19:45:00,2016,8/8/2016,b,-93.7559479,42.11602684,8/8/2016 19:45,3.009453985,0.619747297,-83.46419189,68.79041282,1.51961531,171.9120218
101,b,18,7.8778,0.5152,-0.7541,35.1646,13:46:00,19:46:00,2016,8/8/2016,b,-93.75586239,42.11601835,8/8/2016 19:46,1.99427224,0.468378299,-84.21166773,-134.0188091,2.729115265,37.89321272
101,b,19,38.1056,2.6249,-4.4654,168.4439,13:47:00,19:47:00,2016,8/8/2016,b,-93.75588248,42.11601281,8/8/2016 19:47,4.396530434,1.01772793,-82.93582628,-124.5149527,9.98004273,273.37826
101,b,20,7.8778,0.5152,-0.7541,35.1646,13:48:00,19:48:00,2016,8/8/2016,b,-93.75586239,42.11601835,8/8/2016 19:48,1.99427224,0.468378299,-84.21166773,-178.2179653,5.820390235,95.16029473
101,b,21,9.9317,0.9124,-1.5074,49.0467,13:49:00,19:49:00,2016,8/8/2016,b,-93.75583535,42.11599217,8/8/2016 19:49,2.255766281,0.577553882,-80.7586148,178.0523791,3.522335731,273.2126738
101,b,22,5.279,0.3428,-0.3986,24.1847,13:50:00,19:50:00,2016,8/8/2016,b,-93.75582373,42.11602048,8/8/2016 19:50,1.629567414,0.394220806,-85.41295123,-154.6210988,4.963821361,118.5915749
101,b,23,22.55,1.0978,-2.6634,79.1026,13:51:00,19:51:00,2016,8/8/2016,b,-93.75599887,42.1160323,8/8/2016 19:51,3.381991192,0.621317615,-83.02745805,-16.30850143,5.068116973,102.2830735
101,b,24,55.0186,3.7796,-7.9283,226.7273,13:52:00,19:52:00,2016,8/8/2016,b,-93.75594199,42.11601556,8/8/2016 19:52,5.301759907,1.135976184,-81.40230624,-173.4654342,10.40652896,288.8176393
101,b,25,29.4308,2.1143,-4.022,127.7296,13:53:00,19:53:00,2016,8/8/2016,b,-93.7559106,42.1160123,8/8/2016 19:53,3.87367252,0.875905936,-81.79583383,-12.12906028,1.621838417,276.688579
101,b,26,17.5551,1.4186,-2.5671,80.5512,13:54:00,19:54:00,2016,8/8/2016,b,-93.75588485,42.11600466,8/8/2016 19:54,2.996134804,0.71416121,-81.17516506,-27.07090975,0.911040773,249.6176693
101,b,27,15.5178,1.0742,-2.1439,65.4017,13:55:00,19:55:00,2016,8/8/2016,b,-93.75592945,42.11601619,8/8/2016 19:55,2.813299327,0.61753291,-81.7328431,na,na,na
101,b,28,13.2572,1.0005,-2.0479,56.6856,13:56:00,19:56:00,2016,8/8/2016,b,-93.75593299,42.11601243,8/8/2016 19:56,2.606752573,0.577659954,-80.76100422,na,na,na
101,b,29,4.1027,0.3262,-0.7106,17.1823,13:57:00,19:57:00,2016,8/8/2016,b,-93.75595575,42.11601281,8/8/2016 19:57,1.454644845,0.313780774,-79.68865586,na,na,na
90,i,1,0.5414,0.1175,0.0262,4.7217,13:58:00,19:58:00,2016,8/8/2016,i,-93.7547799,42.11556594,8/8/2016 19:58,0.521062954,0.240714348,266.4765919,na,1.367047775,269.1575374
90,i,2,85.607,20.5936,-38.0249,335.1641,13:59:00,19:59:00,2016,8/8/2016,i,-93.75608859,42.11599376,8/8/2016 19:59,7.180740874,1.239863097,-65.26322364,34.3919127,12.44226796,303.5494501
90,i,3,7.8988,4.8272,5.2514,61.1413,14:00:00,20:00:00,2016,8/8/2016,i,-93.75629008,42.11577905,8/8/2016 20:00,2.432526407,0.667694,233.1509205,173.1894144,10.52575706,116.7388645
90,i,4,33.2577,47.369,38.9743,141.3415,14:01:00,20:01:00,2016,8/8/2016,i,-93.75664025,42.1155763,8/8/2016 20:01,6.32143795,0.593946331,39.86934271,178.4028968,11.23501212,295.1417614
90,i,5,25.6584,25.8115,24.1599,166.8558,14:02:00,20:02:00,2016,8/8/2016,i,-93.7564946,42.11567819,8/8/2016 20:02,4.994745803,0.887391888,44.90923023,-178.8025239,3.64244886,116.3392375
90,i,6,35.1523,6.8279,-14.6631,94.1332,14:03:00,20:03:00,2016,8/8/2016,i,-93.75614158,42.11602247,8/8/2016 20:03,4.548392148,0.549753462,-67.00223297,13.22090013,6.952402348,129.5601376
90,i,7,23.919,27.72,24.19,166.1084,14:04:00,20:04:00,2016,8/8/2016,i,-93.75651589,42.1156772,8/8/2016 20:04,5.004200338,0.881747686,42.75387741,172.5310945,7.081535786,302.091232
90,i,8,1.691,1.5488,1.5532,8.554,14:05:00,20:05:00,2016,8/8/2016,i,-93.75652884,42.11563751,8/8/2016 20:05,1.259906048,0.180379459,226.3104842,161.7382362,12.56730779,103.8294683
90,i,9,4.9306,4.762,4.2468,43.9192,14:06:00,20:06:00,2016,8/8/2016,i,-93.75640249,42.11576476,8/8/2016 20:06,2.132362142,0.547112143,225.5685928,-179.8214749,8.65745571,284.0079933
90,i,10,52.4194,8.7503,-16.7651,250.8554,14:07:00,20:07:00,2016,8/8/2016,i,-93.75599036,42.11598473,8/8/2016 20:07,5.39042256,1.236201691,-71.2410334,37.2003379,1.954379249,321.2083312
90,i,11,27.4571,5.5754,-11.166,100.315,14:08:00,20:08:00,2016,8/8/2016,i,-93.75609196,42.11600602,8/8/2016 20:08,4.009299455,0.664656209,-67.20824204,149.2462531,2.70985793,110.4545843
90,i,12,2.6579,2.0364,1.9051,25.1349,14:09:00,20:09:00,2016,8/8/2016,i,-93.75630366,42.1158203,8/8/2016 20:09,1.462434202,0.456548141,229.632101,175.6996124,2.732696677,286.1541967
90,i,13,42.8542,7.318,-15.4068,164.3477,14:10:00,20:10:00,2016,8/8/2016,i,-93.75606751,42.1160046,8/8/2016 20:10,4.929687807,0.885594787,-69.53564657,90.73306681,1.036182054,16.88726355
90,i,14,52.5271,8.6158,-19.2504,170.4311,14:11:00,20:11:00,2016,8/8/2016,i,-93.75610211,42.11601525,8/8/2016 20:11,5.466774758,0.828144759,-69.3780894,-75.47290658,1.69658507,301.414357
90,i,15,9.2203,8.0822,7.433,82.6281,14:12:00,20:12:00,2016,8/8/2016,i,-93.75636816,42.11578067,8/8/2016 20:12,2.837780878,0.773466022,227.1889337,na,na,na
90,i,16,0.4084,0.3304,0.2967,4.076,14:13:00,20:13:00,2016,8/8/2016,i,-93.75630664,42.1158332,8/8/2016 20:13,0.578209399,0.187280247,228.7441822,na,na,na
68,h,1,0.3524,1.4225,0.6664,4.5064,14:14:00,20:14:00,2016,8/8/2016,h,-93.75552518,42.11602076,8/8/2016 20:14,0.933291323,0.128130034,25.61957655,na,16.49244199,221.5760114
68,h,2,30.9338,56.8865,37.1212,367.7589,14:15:00,20:15:00,2016,8/8/2016,h,-93.75565625,42.11590878,8/8/2016 20:15,6.451125889,1.514306693,35.3660268,143.0274776,7.68007598,4.603489004
68,h,3,13.4938,16.6595,14.1509,93.2679,14:16:00,20:16:00,2016,8/8/2016,h,-93.75564961,42.11597777,8/8/2016 20:16,3.828563681,0.647109061,41.80885273,-153.3498674,34.72292255,211.2536216
68,h,4,3.8676,2.9868,2.5865,41.5029,14:17:00,20:17:00,2016,8/8/2016,h,-93.75586434,42.11570901,8/8/2016 20:17,1.739385709,0.633827543,229.8315039,-165.8403522,29.72400676,45.4132694
68,h,5,0.7317,1.9768,0.9985,12.6183,14:18:00,20:18:00,2016,8/8/2016,h,-93.75561052,42.11589861,8/8/2016 20:18,1.124928408,0.297969927,29.02853505,-17.57383932,24.64671566,27.83943007
68,h,6,0,0,0,0,14:19:00,20:19:00,2016,8/8/2016,h,-93.75521219,42.1165146,8/8/2016 20:19,0,0,0,-172.9542729,27.44812651,214.8851571
68,h,7,0,0,0,0,14:20:00,20:20:00,2016,8/8/2016,h,-93.75543245,42.11617193,8/8/2016 20:20,0,0,0,na,na,na
68,h,8,17.6348,81.8401,37.6891,89.8048,14:21:00,20:21:00,2016,8/8/2016,h,-93.75547363,42.1160958,8/8/2016 20:21,7.044342196,0.338663589,24.78822909,na,na,na
68,h,9,2.2313,4.1575,2.6182,29.2934,14:22:00,20:22:00,2016,8/8/2016,h,-93.75566111,42.11589177,8/8/2016 20:22,1.729757083,0.449822668,34.90202419,na,na,na
68,h,10,0,0,0,0,14:23:00,20:23:00,2016,8/8/2016,h,-93.75570009,42.11584362,8/8/2016 20:23,0,0,0,na,na,na
M2,l,1,0.4933,0.0737,-0.033,3.5343,14:24:00,20:24:00,2016,8/8/2016,l,-93.75497931,42.11573044,8/8/2016 20:24,0.497935474,0.188574293,-85.53051694,na,24.92639514,295.0922269
M2,l,2,348.2329,31.1092,-47.2095,1746.0046,14:25:00,20:25:00,2016,8/8/2016,l,-93.75525349,42.11582384,8/8/2016 20:25,13.32500779,3.480692085,-81.70993018,-176.0235931,8.686918766,119.0686338
M2,l,3,444.0991,48.5608,-60.0654,2522.383,14:26:00,20:26:00,2016,8/8/2016,l,-93.7551612,42.11578643,8/8/2016 20:26,15.0502376,4.451999338,-81.55284624,-9.148754762,7.687865172,109.919879
M2,l,4,204.607,22.2371,-19.0197,1218.1241,14:27:00,20:27:00,2016,8/8/2016,l,-93.75507349,42.11576342,8/8/2016 20:27,10.16291007,3.183914098,-84.10898003,164.1483743,13.77691444,274.0682534
M2,l,5,611.3307,54.214,-80.8592,3070.1525,14:28:00,20:28:00,2016,8/8/2016,l,-93.75523982,42.11577112,8/8/2016 20:28,17.64694279,4.621445666,-81.90658999,105.5865517,7.07204452,19.65480502
M2,l,6,1423.2306,107.6902,-214.5624,6163.7147,14:29:00,20:29:00,2016,8/8/2016,l,-93.75521176,42.11583129,8/8/2016 20:29,26.99389675,6.065470962,-80.96692508,-108.7592362,16.99297579,270.8955688
M2,l,7,174.0262,22.0919,-29.8877,1022.5608,14:30:00,20:30:00,2016,8/8/2016,l,-93.7554173,42.11583233,8/8/2016 20:30,9.478768558,2.865658149,-79.26193589,-93.10642973,5.596565963,177.7891391
M2,l,8,447.9536,60.9868,-86.8945,2646.4911,14:31:00,20:31:00,2016,8/8/2016,l,-93.75541409,42.11578199,8/8/2016 20:31,15.27367614,4.602718463,-77.90743965,40.90163298,2.311887387,218.690772
M2,l,9,764.1843,109.9023,-163.799,4499.9906,14:32:00,20:32:00,2016,8/8/2016,l,-93.75543138,42.11576562,8/8/2016 20:32,20.03622098,5.965999392,-76.701471,8.89921408,2.603822855,227.5899861
M2,l,10,86.5902,16.3091,-24.606,534.6299,14:33:00,20:33:00,2016,8/8/2016,l,-93.75545445,42.11574965,8/8/2016 20:33,6.868352246,2.067700998,-72.49982386,134.5578694,12.18836307,2.147855538
M2,l,11,210.2422,24.3026,-54.9224,861.1215,14:34:00,20:34:00,2016,8/8/2016,l,-93.75545022,42.11585938,8/8/2016 20:34,10.61256808,2.15541149,-74.7136528,96.65779357,22.94241553,98.80564911
M2,l,12,1455.6359,117.2107,-226.1344,6506.2242,14:35:00,20:35:00,2016,8/8/2016,l,-93.75517561,42.11582956,8/8/2016 20:35,27.32041427,6.325999074,-80.66465779,-178.8085575,50.2055933,279.9970916
M2,l,13,0.5123,0.1097,-0.151,3.4394,14:36:00,20:36:00,2016,8/8/2016,l,-93.7557746,42.1159041,8/8/2016 20:36,0.530396079,0.172278843,-71.56277428,-152.4575945,0.756431656,127.5394971
M2,l,14,1.0364,0.2085,-0.2625,7.2215,14:37:00,20:37:00,2016,8/8/2016,l,-93.75576729,42.1159,8/8/2016 20:37,0.745859943,0.25718271,-73.80990192,170.7488815,4.138552909,298.2883786
M2,l,15,21.3957,4.4535,-6.2082,141.7891,14:38:00,20:38:00,2016,8/8/2016,l,-93.75581158,42.11591738,8/8/2016 20:38,3.422502136,1.100490405,-71.88174779,179.6272933,4.079274102,117.9156719
M2,l,16,9.8134,1.9789,-2.6541,66.216,14:39:00,20:39:00,2016,8/8/2016,l,-93.75576778,42.11590046,8/8/2016 20:39,2.305196474,0.763032906,-72.94036234,25.06402824,1.813326248,142.9797002
M2,l,17,25.2982,5.4774,-7.3259,173.4352,14:40:00,20:40:00,2016,8/8/2016,l,-93.75575442,42.11588751,8/8/2016 20:40,3.722361933,1.237667822,-71.7638467,-47.84707432,2.870509927,95.13262586
M2,l,18,101.175,19.6892,-23.8489,710.1144,14:41:00,20:41:00,2016,8/8/2016,l,-93.75571981,42.11588542,8/8/2016 20:41,7.336272231,2.571227286,-74.82869105,-165.6904979,7.591904241,289.442128
M2,l,19,0.8017,0.186,-0.2547,5.463,14:42:00,20:42:00,2016,8/8/2016,l,-93.75580667,42.11590761,8/8/2016 20:42,0.668357835,0.21713545,-70.1986558,-176.5131869,5.267599719,112.9289411
M2,l,20,17.6592,3.581,-4.2796,126.1584,14:43:00,20:43:00,2016,8/8/2016,l,-93.75574777,42.11588952,8/8/2016 20:43,3.070672169,1.091362647,-74.3507128,7.782662021,8.682302851,120.7116031
M2,l,21,37.5858,6.7778,-7.8728,261.3356,14:44:00,20:44:00,2016,8/8/2016,l,-93.75565701,42.11585018,8/8/2016 20:44,4.443031296,1.562457328,-76.46448417,175.1021102,3.222898269,295.8137133
M2,l,22,4.5979,0.9909,-1.2926,31.9729,14:45:00,20:45:00,2016,8/8/2016,l,-93.75569225,42.11586259,8/8/2016 20:45,1.583237139,0.536432813,-72.18508438,2.239220173,9.014706407,298.0529335
M2,l,23,80.8337,17.7106,-22.4009,573.9589,14:46:00,20:46:00,2016,8/8/2016,l,-93.75578893,42.11590014,8/8/2016 20:46,6.632317596,2.298806932,-72.31733202,176.7867911,4.516982075,114.8397246
M2,l,24,0.0071,0.0015,-0.0018,0.0512,14:47:00,20:47:00,2016,8/8/2016,l,-93.75573915,42.11588337,8/8/2016 20:47,0.061760276,0.022037883,-73.63238686,1.930302015,9.925611497,116.7700266
M2,l,25,27.3541,5.3088,-7.0448,184.0282,14:48:00,20:48:00,2016,8/8/2016,l,-93.75563148,42.11584382,8/8/2016 20:48,3.83490814,1.274727248,-73.70826296,-128.5460676,2.562636277,348.223959
M2,l,26,60.9151,10.0972,-13.6639,389.5749,14:49:00,20:49:00,2016,8/8/2016,l,-93.75563807,42.11586636,8/8/2016 20:49,5.672567893,1.824314528,-75.86522175,-58.38418931,12.32855628,289.8397697
M2,l,27,6.072,1.2432,-1.5683,42.4625,14:50:00,20:50:00,2016,8/8/2016,l,-93.75577879,42.11590313,8/8/2016 20:50,1.807850054,0.623921616,-73.49690972,-160.9968249,7.97400752,128.8429448
M2,l,28,2.8265,0.6486,-0.8295,20.1438,14:51:00,20:51:00,2016,8/8/2016,l,-93.75570313,42.11585858,8/8/2016 20:51,1.246284122,0.429331908,-71.35095883,-161.3199172,6.99436793,327.5230276
M2,l,29,112.1298,20.7201,-29.6213,715.7388,14:52:00,20:52:00,2016,8/8/2016,l,-93.75574919,42.11591142,8/8/2016 20:52,7.774612589,2.445475227,-73.52636963,-139.0621875,1.5679647,188.4608401
M2,l,30,9.9379,1.9237,-2.4645,67.98,14:53:00,20:53:00,2016,8/8/2016,l,-93.75575182,42.11589744,8/8/2016 20:53,2.305983337,0.783096961,-74.20354965,-52.96253948,6.33372426,135.4983006
M2,l,31,12.1064,2.6103,-2.8249,91.4826,14:54:00,20:54:00,2016,8/8/2016,l,-93.75569764,42.11585711,8/8/2016 20:54,2.538031368,0.957468942,-74.62452278,-66.43031201,9.599734298,69.06798859
M2,l,32,16.9569,2.0938,-2.473,102.0405,14:55:00,20:55:00,2016,8/8/2016,l,-93.75558955,42.1158887,8/8/2016 20:55,2.945977735,0.920089769,-80.79704174,-33.43470441,213.5886055,35.63328417
M2,l,33,0,0,0,0,14:56:00,20:56:00,2016,8/8/2016,l,-93.75410296,42.11746197,8/8/2016 20:56,0,0,0,na,na,na
